cve_unica,id_materia,grupo
1,2002,2
1,2150,1
1,2151,1
1,2229,1
1,2805,2
1,71,8
1,1005,1
1,711,2
2,2002,2
2,2229,1
2,2805,1
2,2150,1
2,2151,3
2,71,8
2,1005,1
2,711,2
3,3390,1
3,3119,1
3,3130,1
3,3191,1
3,0,1
3,41,8
3,51,10
3,61,12
3,1005,1
3,1120,1
3,611,5
4,2002,2
4,2229,1
4,2805,1
4,2150,1
4,2151,3
4,71,8
4,1005,1
4,711,2
5,3390,1
5,3119,1
5,3130,1
5,3191,1
5,0,1
5,41,8
5,51,10
5,61,12
5,1005,1
5,1120,1
5,611,5
6,5916,1
6,5900,1
6,0,4
6,41,8
6,51,10
6,61,11
6,71,2
6,1005,1
6,1120,1
6,611,5
6,711,6
7,3390,1
7,3119,1
7,3130,1
7,3191,1
7,0,1
7,41,8
7,51,10
7,61,12
7,1005,1
7,1120,1
7,611,5
8,2002,2
8,2229,1
8,2805,1
8,2150,1
8,2151,3
8,71,8
8,1005,1
8,711,2
9,2002,2
9,2150,1
9,2151,1
9,2229,1
9,2805,2
9,71,8
9,1005,1
9,711,2
10,2002,2
10,2229,1
10,2805,1
10,2150,1
10,2151,3
10,71,8
10,1005,1
10,711,2
11,2002,2
11,2229,1
11,2805,1
11,2150,1
11,2151,3
11,71,8
11,1005,1
11,711,2
12,2002,2
12,2229,1
12,2805,1
12,2150,1
12,2151,3
12,71,8
12,1005,1
12,711,2
13,2002,2
13,2229,1
13,2805,1
13,2150,1
13,2151,3
13,71,8
13,1005,1
13,711,2
14,5918,2
14,5688,1
14,5690,1
14,0,1
14,41,4
14,51,10
14,61,11
14,71,8
14,1005,4
14,611,6
14,711,6
15,3390,1
15,3119,1
15,3130,1
15,3191,1
15,0,1
15,41,8
15,51,10
15,61,12
15,1005,1
15,1120,1
15,611,5
16,5915,1
16,5900,1
16,0,4
16,41,8
16,51,10
16,61,11
16,71,2
16,1005,1
16,1120,1
16,611,5
16,711,6
17,2002,2
17,2229,1
17,2805,1
17,2150,1
17,2151,3
17,71,8
17,1005,1
17,711,2
18,5918,2
18,5688,1
18,5690,1
18,0,1
18,41,4
18,51,10
18,61,11
18,71,8
18,1005,4
18,611,6
18,711,6
19,5918,2
19,5688,1
19,5690,1
19,0,1
19,41,4
19,51,10
19,61,11
19,71,8
19,1005,4
19,611,6
19,711,6
20,3390,1
20,3119,1
20,3130,1
20,3191,1
20,0,1
20,41,8
20,51,10
20,61,12
20,1005,1
20,1120,1
20,611,5
21,3390,1
21,3119,1
21,3130,1
21,3191,1
21,0,1
21,41,8
21,51,11
21,61,12
21,1005,1
21,1120,1
21,611,5
22,5916,1
22,5900,1
22,0,4
22,41,8
22,51,11
22,61,11
22,71,2
22,1005,1
22,1120,1
22,611,5
22,711,6
23,5916,1
23,5900,1
23,0,4
23,41,8
23,51,11
23,61,11
23,71,2
23,1005,1
23,1120,1
23,611,5
23,711,6
24,3390,1
24,3119,1
24,3130,1
24,3191,1
24,0,1
24,41,8
24,51,11
24,61,12
24,1005,1
24,1120,1
24,611,5
25,5918,2
25,5688,1
25,5690,1
25,0,1
25,41,4
25,51,11
25,61,11
25,71,8
25,1005,4
25,611,6
25,711,6
26,5914,1
26,5676,1
26,0,1
26,41,4
26,51,8
26,61,11
26,71,2
26,1005,1
26,1120,1
26,611,4
26,711,6
27,5916,1
27,5900,1
27,0,4
27,41,8
27,51,11
27,61,11
27,71,2
27,1005,1
27,1120,1
27,611,5
27,711,6
28,5915,1
28,5900,1
28,0,4
28,41,8
28,51,11
28,61,11
28,71,2
28,1005,1
28,1120,1
28,611,5
28,711,6
29,5919,1
29,5937,1
29,0,1
29,41,4
29,51,8
29,61,11
29,71,2
29,1015,2
29,1016,9
29,1120,1
29,611,4
29,711,3
30,5915,1
30,5900,1
30,0,4
30,41,8
30,51,11
30,61,11
30,71,2
30,1005,1
30,1120,1
30,611,5
30,711,6
31,4000,1
31,4069,1
31,40691,1
31,4118,1
31,41181,1
31,0,4
31,41,8
31,51,24
31,71,9
31,1005,1
31,711,2
32,3390,1
32,3119,1
32,3130,1
32,3191,1
32,0,1
32,41,8
32,51,11
32,61,12
32,1005,1
32,1120,1
32,611,5
33,2002,2
33,2229,1
33,2805,1
33,2150,1
33,2151,3
33,71,8
33,1005,1
33,711,2
34,5918,2
34,5688,1
34,5690,1
34,0,1
34,41,4
34,51,11
34,61,11
34,71,8
34,1005,4
34,611,6
34,711,6
35,3390,1
35,3119,1
35,3130,1
35,3191,1
35,0,1
35,41,8
35,51,11
35,61,12
35,1005,1
35,1120,1
35,611,7
36,4000,1
36,4069,1
36,40691,1
36,4118,1
36,41181,1
36,0,4
36,41,8
36,51,24
36,71,9
36,1005,1
36,711,2
37,7275,2
37,7200,1
37,72001,1
37,7202,1
37,7253,1
37,72531,2
37,7254,1
37,7276,1
37,0,13
37,61,12
37,1006,2
37,611,8
38,5918,2
38,5688,1
38,5690,1
38,0,1
38,41,4
38,51,11
38,61,11
38,71,8
38,1005,4
38,611,6
38,711,6
39,2002,2
39,2229,1
39,2805,1
39,2150,1
39,2151,3
39,71,8
39,1005,2
39,711,5
40,6013,1
40,6010,1
40,60101,1
40,6012,1
40,60121,1
40,0,4
40,41,8
40,71,15
40,1005,4
40,1006,8
40,711,2
41,2002,2
41,2229,1
41,2805,1
41,2150,1
41,2151,3
41,71,8
41,1005,2
41,711,5
42,5915,1
42,5900,1
42,0,4
42,41,8
42,51,11
42,61,11
42,71,2
42,1005,4
42,1120,1
42,611,8
42,711,3
43,5918,2
43,5688,1
43,5690,1
43,0,1
43,41,4
43,51,11
43,61,11
43,71,8
43,1005,4
43,611,6
43,711,6
44,5918,2
44,5688,1
44,5690,1
44,0,1
44,41,4
44,51,11
44,61,11
44,71,8
44,1005,4
44,611,6
44,711,6
45,5918,2
45,5688,1
45,5690,1
45,0,1
45,41,4
45,51,11
45,61,11
45,71,8
45,1005,4
45,611,6
45,711,6
46,5916,1
46,5900,1
46,0,4
46,41,8
46,51,11
46,61,11
46,71,2
46,1005,4
46,1120,1
46,611,8
46,711,3
47,5918,2
47,5688,1
47,5690,1
47,0,1
47,41,4
47,51,11
47,61,11
47,71,8
47,1005,4
47,611,6
47,711,6
48,2002,2
48,2229,1
48,2805,1
48,2150,1
48,2151,3
48,71,8
48,1005,2
48,711,5
49,5918,2
49,5688,1
49,5690,1
49,0,1
49,41,4
49,51,11
49,61,11
49,71,8
49,1005,4
49,611,6
49,711,6
50,5916,1
50,5900,1
50,0,4
50,41,8
50,51,11
50,61,11
50,71,2
50,1005,4
50,1120,1
50,611,8
50,711,3
51,2002,2
51,2229,1
51,2805,1
51,2150,1
51,2151,3
51,71,8
51,1005,2
51,711,5
52,5918,2
52,5688,1
52,5690,1
52,0,1
52,41,4
52,51,11
52,61,11
52,71,8
52,1005,4
52,611,6
52,711,7
53,5918,2
53,5688,1
53,5690,1
53,0,2
53,41,4
53,51,11
53,61,11
53,71,8
53,1005,4
53,611,6
53,711,7
54,2002,3
54,2229,1
54,2805,1
54,2150,1
54,2151,3
54,71,8
54,1005,2
54,711,5
55,2002,3
55,2229,1
55,2805,1
55,2150,1
55,2151,3
55,71,18
55,1005,2
55,711,3
56,2002,3
56,2229,1
56,2805,1
56,2150,1
56,2151,3
56,71,18
56,1005,2
56,711,3
57,5918,2
57,5688,1
57,5690,1
57,0,2
57,41,4
57,51,11
57,61,11
57,71,9
57,1005,4
57,611,8
57,711,3
58,5916,1
58,5900,1
58,0,4
58,41,8
58,51,11
58,61,11
58,71,2
58,1005,4
58,1120,1
58,611,8
58,711,3
59,5916,1
59,5900,1
59,0,4
59,41,8
59,51,11
59,61,11
59,71,2
59,1005,4
59,1120,1
59,611,8
59,711,3
60,2002,3
60,2229,1
60,2805,1
60,2150,1
60,2151,3
60,71,18
60,1005,2
60,711,3
61,3390,1
61,3119,1
61,3130,1
61,3191,1
61,0,2
61,41,8
61,51,12
61,61,12
61,1005,19
61,1120,1
61,611,7
62,2002,3
62,2229,1
62,2805,1
62,2150,1
62,2151,3
62,71,18
62,1005,2
62,711,3
63,2002,3
63,2150,1
63,2151,1
63,2229,1
63,2805,2
63,71,18
63,1005,2
63,711,3
64,5918,2
64,5688,1
64,5690,1
64,0,2
64,41,4
64,51,12
64,61,12
64,71,9
64,1005,4
64,611,8
64,711,3
65,3390,1
65,3119,1
65,3130,1
65,3191,1
65,0,2
65,41,8
65,51,12
65,61,12
65,1005,19
65,1120,1
65,611,7
66,5918,2
66,5688,1
66,5690,1
66,0,2
66,41,4
66,51,12
66,61,12
66,71,9
66,1005,4
66,611,8
66,711,3
67,5918,2
67,5688,1
67,5690,1
67,0,2
67,41,4
67,51,12
67,61,12
67,71,9
67,1005,4
67,611,8
67,711,3
68,4000,1
68,4069,1
68,40691,1
68,4118,1
68,41181,1
68,0,4
68,41,8
68,51,24
68,71,9
68,1005,4
68,711,2
69,2002,3
69,2229,1
69,2805,1
69,2150,1
69,2151,3
69,71,18
69,1005,2
69,711,3
70,5915,1
70,5900,1
70,0,4
70,41,8
70,51,12
70,61,12
70,71,2
70,1005,4
70,1120,3
70,611,6
70,711,3
71,5918,2
71,5688,1
71,5690,2
71,0,2
71,41,4
71,51,8
71,61,12
71,71,9
71,1005,4
71,611,8
71,711,3
72,5914,1
72,5676,1
72,0,2
72,41,4
72,51,8
72,61,12
72,71,2
72,1005,2
72,1120,3
72,611,6
72,711,7
73,2002,3
73,2229,1
73,2805,1
73,2150,1
73,2151,3
73,71,18
73,1005,2
73,711,5
74,5916,1
74,5900,1
74,0,4
74,41,8
74,51,12
74,61,12
74,71,2
74,1005,4
74,1120,3
74,611,8
74,711,4
75,2002,3
75,2229,1
75,2805,1
75,2150,1
75,2151,3
75,71,18
75,1005,2
75,711,5
76,5918,2
76,5688,2
76,5690,2
76,0,2
76,41,8
76,51,16
76,61,12
76,71,2
76,1005,4
76,611,8
76,711,4
77,3390,1
77,3119,1
77,3130,1
77,3191,1
77,0,2
77,41,9
77,51,8
77,61,12
77,1005,19
77,1120,3
77,611,7
78,5918,2
78,5688,2
78,5690,2
78,0,2
78,41,14
78,51,8
78,61,12
78,71,2
78,1005,4
78,611,8
78,711,4
79,2002,3
79,2229,1
79,2805,1
79,2150,1
79,2151,3
79,71,18
79,1005,2
79,711,5
80,3390,1
80,3119,1
80,3130,1
80,3191,1
80,0,2
80,41,9
80,51,8
80,61,12
80,1005,19
80,1120,3
80,611,7
81,5918,2
81,5688,2
81,5690,2
81,0,2
81,41,14
81,51,8
81,61,12
81,71,2
81,1005,4
81,611,8
81,711,4
82,5915,1
82,5900,1
82,0,4
82,41,9
82,51,8
82,61,12
82,71,2
82,1005,13
82,1120,3
82,611,8
82,711,4
83,5918,3
83,5688,2
83,5690,2
83,0,2
83,41,14
83,51,8
83,61,12
83,71,2
83,1005,20
83,611,8
83,711,8
84,5914,1
84,5676,1
84,0,2
84,41,4
84,51,8
84,61,12
84,71,2
84,1005,2
84,1120,3
84,611,8
84,711,4
85,5918,3
85,5688,2
85,5690,2
85,0,2
85,41,14
85,51,8
85,61,12
85,71,9
85,1005,27
85,611,7
85,711,7
86,5918,3
86,5688,2
86,5690,2
86,0,2
86,41,14
86,51,8
86,61,12
86,71,9
86,1005,27
86,611,7
86,711,7
87,2002,3
87,2229,1
87,2805,1
87,2150,1
87,2151,3
87,71,18
87,1005,2
87,711,5
88,5918,3
88,5688,2
88,5690,2
88,0,2
88,41,14
88,51,8
88,61,14
88,71,12
88,1005,12
88,611,9
88,711,7
89,3390,1
89,3119,1
89,3130,1
89,3191,1
89,0,2
89,41,9
89,51,8
89,61,14
89,1005,12
89,1120,3
89,611,7
90,3390,1
90,3119,1
90,3130,1
90,3191,1
90,0,2
90,41,9
90,51,8
90,61,14
90,1005,12
90,1120,3
90,611,7
91,2002,3
91,2229,1
91,2805,1
91,2150,1
91,2151,3
91,71,18
91,1005,2
91,711,5
92,2002,3
92,2229,1
92,2805,1
92,2150,1
92,2151,3
92,71,18
92,1005,2
92,711,5
93,5919,1
93,5937,1
93,0,2
93,41,4
93,51,8
93,61,14
93,71,12
93,1015,1
93,1016,9
93,1120,4
93,611,12
93,711,7
94,5918,3
94,5688,2
94,5690,2
94,0,2
94,41,14
94,51,8
94,61,14
94,71,12
94,1005,12
94,611,9
94,711,7
95,5919,1
95,5937,1
95,0,2
95,41,4
95,51,8
95,61,14
95,71,12
95,1015,1
95,1016,9
95,1120,4
95,611,12
95,711,7
96,5918,3
96,5688,2
96,5690,2
96,0,2
96,41,14
96,51,8
96,61,14
96,71,12
96,1005,12
96,611,9
96,711,7
97,2002,3
97,2229,1
97,2805,1
97,2150,1
97,2151,3
97,71,18
97,1005,2
97,711,5
98,5916,1
98,5900,1
98,0,4
98,41,9
98,51,8
98,61,14
98,71,12
98,1005,12
98,1120,3
98,611,9
98,711,7
99,2002,3
99,2229,1
99,2805,1
99,2150,1
99,2151,3
99,71,18
99,1005,2
99,711,5
100,5915,1
100,5900,1
100,0,4
100,41,9
100,51,8
100,61,14
100,71,12
100,1005,12
100,1120,3
100,611,9
100,711,7
101,3390,1
101,3119,1
101,3130,1
101,3191,1
101,0,2
101,41,9
101,51,8
101,61,14
101,1005,12
101,1120,3
101,611,7
102,5918,3
102,5688,2
102,5690,2
102,0,2
102,41,14
102,51,8
102,61,16
102,71,9
102,1005,12
102,611,7
102,711,7
103,4000,1
103,4069,1
103,40691,1
103,4118,1
103,41181,1
103,0,4
103,41,17
103,51,8
103,71,12
103,1005,12
103,711,2
104,5919,1
104,5937,1
104,0,2
104,41,4
104,51,9
104,61,16
104,71,9
104,1015,1
104,1016,3
104,1120,4
104,611,7
104,711,7
105,3390,1
105,3119,1
105,3130,1
105,3191,1
105,0,3
105,41,9
105,51,9
105,61,16
105,1005,12
105,1120,11
105,611,7
106,5916,1
106,5900,1
106,0,4
106,41,9
106,51,9
106,61,16
106,71,9
106,1005,12
106,1120,9
106,611,7
106,711,7
107,5919,1
107,5937,1
107,0,3
107,41,4
107,51,9
107,61,16
107,71,9
107,1015,1
107,1016,3
107,1120,4
107,611,7
107,711,7
108,5918,3
108,5688,2
108,5690,2
108,0,3
108,41,14
108,51,9
108,61,16
108,71,9
108,1005,12
108,611,9
108,711,5
109,5915,1
109,5900,1
109,0,4
109,41,9
109,51,9
109,61,16
109,71,9
109,1005,12
109,1120,9
109,611,9
109,711,5
110,5918,6
110,5688,2
110,5690,2
110,0,3
110,41,14
110,51,9
110,61,19
110,71,9
110,1005,12
110,611,9
110,711,7
111,2002,3
111,2229,2
111,2805,1
111,2150,2
111,2151,2
111,71,9
111,1005,2
111,711,5
112,3390,1
112,3119,1
112,3130,1
112,3191,1
112,0,3
112,41,9
112,51,9
112,61,16
112,1005,12
112,1120,11
112,611,18
113,5918,6
113,5688,2
113,5690,2
113,0,3
113,41,14
113,51,9
113,61,19
113,71,9
113,1005,12
113,611,9
113,711,7
114,2002,4
114,2229,2
114,2805,1
114,2150,2
114,2151,2
114,71,9
114,1005,2
114,711,5
115,2002,4
115,2229,2
115,2805,1
115,2150,2
115,2151,2
115,71,9
115,1005,2
115,711,5
116,5918,6
116,5688,2
116,5690,2
116,0,3
116,41,14
116,51,9
116,61,19
116,71,9
116,1005,12
116,611,9
116,711,14
117,5914,1
117,5676,1
117,0,3
117,41,4
117,51,9
117,61,16
117,71,9
117,1005,2
117,1120,9
117,611,9
117,711,5
118,4000,1
118,4069,1
118,40691,1
118,4118,1
118,41181,1
118,0,4
118,41,17
118,51,9
118,71,12
118,1005,12
118,711,2
119,5916,1
119,5900,1
119,0,4
119,41,9
119,51,9
119,61,16
119,71,9
119,1005,12
119,1120,9
119,611,9
119,711,11
120,5918,6
120,5688,2
120,5690,2
120,0,3
120,41,14
120,51,9
120,61,19
120,71,9
120,1005,12
120,611,9
120,711,14
121,5918,6
121,5688,2
121,5690,2
121,0,3
121,41,14
121,51,9
121,61,19
121,71,9
121,1005,12
121,611,9
121,711,14
122,3390,1
122,3119,3
122,3130,1
122,3191,1
122,0,3
122,41,9
122,51,9
122,61,16
122,1005,12
122,1120,9
122,611,17
123,3390,1
123,3119,3
123,3130,1
123,3191,1
123,0,3
123,41,9
123,51,9
123,61,16
123,1005,12
123,1120,9
123,611,17
124,2002,4
124,2150,2
124,2151,1
124,2229,2
124,2805,2
124,71,1
124,1005,2
124,711,8
125,3390,1
125,3119,3
125,3130,1
125,3191,2
125,0,3
125,41,9
125,51,9
125,61,16
125,1005,12
125,1120,9
125,611,9
126,3390,1
126,3119,3
126,3130,1
126,3191,2
126,0,3
126,41,9
126,51,9
126,61,16
126,1005,12
126,1120,9
126,611,9
127,5916,1
127,5900,1
127,0,4
127,41,9
127,51,9
127,61,16
127,71,9
127,1005,12
127,1120,9
127,611,9
127,711,11
128,4000,1
128,4069,1
128,40691,1
128,4118,1
128,41181,1
128,0,6
128,41,4
128,51,24
128,71,9
128,1005,12
128,711,2
129,2002,4
129,2229,2
129,2805,2
129,2150,2
129,2151,1
129,71,1
129,1005,2
129,711,8
130,5918,6
130,5688,2
130,5690,2
130,0,3
130,41,14
130,51,9
130,61,19
130,71,9
130,1005,12
130,611,9
130,711,14
131,2002,4
131,2229,2
131,2805,2
131,2150,2
131,2151,1
131,71,1
131,1005,2
131,711,8
132,3390,1
132,3119,3
132,3130,1
132,3191,2
132,0,3
132,41,9
132,51,9
132,61,16
132,1005,13
132,1120,11
132,611,9
133,5918,6
133,5688,2
133,5690,2
133,0,3
133,41,14
133,51,9
133,61,19
133,71,9
133,1005,13
133,611,9
133,711,14
134,2002,4
134,2229,2
134,2805,2
134,2150,2
134,2151,1
134,71,1
134,1005,2
134,711,8
135,5919,1
135,5937,1
135,0,3
135,41,4
135,51,9
135,61,16
135,71,9
135,1015,1
135,1016,3
135,1120,4
135,611,12
135,711,11
136,5918,6
136,5688,3
136,5690,2
136,0,3
136,41,5
136,51,16
136,61,19
136,71,11
136,1005,13
136,611,9
136,711,9
137,5918,6
137,5688,3
137,5690,2
137,0,3
137,41,5
137,51,16
137,61,19
137,71,11
137,1005,13
137,611,9
137,711,9
138,5916,1
138,5900,1
138,0,6
138,41,5
138,51,12
138,61,16
138,71,11
138,1005,13
138,1120,11
138,611,9
138,711,13
139,2002,4
139,2229,2
139,2805,2
139,2150,2
139,2151,1
139,71,1
139,1005,3
139,711,8
140,5916,1
140,5900,3
140,0,3
140,41,5
140,51,9
140,61,16
140,71,11
140,1005,3
140,1120,9
140,611,4
140,711,8
141,3390,1
141,3119,3
141,3130,1
141,3191,2
141,0,3
141,41,9
141,51,16
141,61,9
141,1005,13
141,1120,3
141,611,9
142,6013,1
142,6010,1
142,60101,1
142,6012,1
142,60121,1
142,0,6
142,41,5
142,71,15
142,1005,13
142,1006,8
142,711,8
143,4000,1
143,4069,1
143,40691,1
143,4118,1
143,41181,1
143,0,6
143,41,5
143,51,24
143,71,11
143,1005,24
143,711,8
144,5918,6
144,5688,3
144,5690,2
144,0,3
144,41,5
144,51,16
144,61,19
144,71,11
144,1005,13
144,611,9
144,711,9
145,3390,1
145,3119,3
145,3130,1
145,3191,2
145,0,3
145,41,9
145,51,16
145,61,9
145,1005,13
145,1120,3
145,611,9
146,4000,1
146,4575,1
146,4588,1
146,45881,1
146,4590,1
146,45901,3
146,0,6
146,41,14
146,71,11
146,1005,27
146,1006,2
146,711,8
147,2002,4
147,2229,2
147,2805,2
147,2150,2
147,2151,1
147,71,1
147,1005,3
147,711,8
148,5914,1
148,5676,1
148,0,3
148,41,5
148,51,12
148,61,9
148,71,11
148,1005,13
148,1120,3
148,611,12
148,711,8
149,2002,4
149,2229,2
149,2805,2
149,2150,2
149,2151,1
149,71,1
149,1005,3
149,711,8
150,5919,1
150,5937,1
150,0,3
150,41,5
150,51,12
150,61,9
150,71,11
150,1015,1
150,1016,3
150,1120,3
150,611,12
150,711,11
151,6013,1
151,6010,1
151,60101,1
151,6012,1
151,60121,1
151,0,6
151,41,5
151,71,15
151,1005,13
151,1006,8
151,711,8
152,5919,1
152,5937,1
152,0,3
152,41,5
152,51,12
152,61,9
152,71,11
152,1015,1
152,1016,3
152,1120,3
152,611,12
152,711,11
153,5914,1
153,5676,1
153,0,3
153,41,5
153,51,12
153,61,9
153,71,11
153,1005,13
153,1120,3
153,611,12
153,711,8
154,5918,6
154,5688,3
154,5690,3
154,0,8
154,41,1
154,51,5
154,61,19
154,71,11
154,1005,13
154,611,11
154,711,8
155,5916,1
155,5900,3
155,0,6
155,41,1
155,51,5
155,61,16
155,71,11
155,1005,3
155,1120,9
155,611,4
155,711,8
156,5918,6
156,5688,3
156,5690,3
156,0,8
156,41,1
156,51,5
156,61,19
156,71,11
156,1005,13
156,611,11
156,711,8
157,5918,6
157,5688,3
157,5690,3
157,0,8
157,41,1
157,51,5
157,61,19
157,71,11
157,1005,13
157,611,11
157,711,8
158,5918,6
158,5688,3
158,5690,3
158,0,8
158,41,1
158,51,5
158,61,19
158,71,11
158,1005,13
158,611,11
158,711,8
159,2002,4
159,2229,2
159,2805,2
159,2150,2
159,2151,1
159,71,1
159,1005,3
159,711,11
160,4000,1
160,4069,1
160,40691,1
160,4118,1
160,41181,1
160,0,6
160,41,5
160,51,24
160,71,11
160,1005,24
160,711,14
161,4000,1
161,4575,1
161,4588,1
161,45881,1
161,4590,1
161,45901,3
161,0,6
161,41,14
161,71,11
161,1005,27
161,1006,2
161,711,14
162,5918,6
162,5688,3
162,5690,3
162,0,8
162,41,1
162,51,5
162,61,19
162,71,11
162,1005,13
162,611,11
162,711,9
163,2002,4
163,2229,2
163,2805,2
163,2150,2
163,2151,1
163,71,1
163,1005,3
163,711,11
164,5918,6
164,5688,3
164,5690,3
164,0,8
164,41,1
164,51,5
164,61,20
164,71,12
164,1005,13
164,611,11
164,711,9
165,5919,1
165,5937,1
165,0,6
165,41,1
165,51,5
165,61,16
165,71,11
165,1015,1
165,1016,3
165,1120,4
165,611,12
165,711,11
166,5918,7
166,5688,3
166,5690,3
166,0,8
166,41,1
166,51,5
166,61,16
166,71,11
166,1005,19
166,611,10
166,711,9
167,2002,4
167,2229,2
167,2805,2
167,2150,2
167,2151,1
167,71,1
167,1005,3
167,711,11
168,3390,1
168,3119,3
168,3130,1
168,3191,2
168,0,6
168,41,1
168,51,12
168,61,16
168,1005,13
168,1120,11
168,611,12
169,5919,1
169,5937,1
169,0,6
169,41,1
169,51,5
169,61,16
169,71,11
169,1015,2
169,1016,3
169,1120,4
169,611,10
169,711,11
170,2002,4
170,2229,2
170,2805,2
170,2150,2
170,2151,1
170,71,1
170,1005,3
170,711,11
171,5918,7
171,5688,3
171,5690,3
171,0,8
171,41,1
171,51,5
171,61,16
171,71,11
171,1005,19
171,611,10
171,711,9
172,5918,7
172,5688,3
172,5690,3
172,0,8
172,41,1
172,51,5
172,61,16
172,71,11
172,1005,19
172,611,10
172,711,9
173,5916,1
173,5900,3
173,0,6
173,41,1
173,51,5
173,61,16
173,71,11
173,1005,3
173,1120,9
173,611,4
173,711,11
174,3390,1
174,3119,3
174,3130,2
174,3191,2
174,0,6
174,41,5
174,51,12
174,61,16
174,1005,13
174,1120,11
174,611,12
175,4000,1
175,4575,1
175,4588,1
175,45881,1
175,4590,1
175,45901,3
175,0,6
175,41,14
175,71,11
175,1005,27
175,1006,8
175,711,13
176,5918,7
176,5688,3
176,5690,3
176,0,8
176,41,1
176,51,5
176,61,20
176,71,12
176,1005,19
176,611,10
176,711,9
177,5919,1
177,5937,1
177,0,6
177,41,1
177,51,5
177,61,20
177,71,12
177,1015,2
177,1016,9
177,1120,4
177,611,10
177,711,11
178,5918,7
178,5688,3
178,5690,3
178,0,8
178,41,1
178,51,5
178,61,20
178,71,12
178,1005,19
178,611,10
178,711,9
179,6013,1
179,6010,1
179,60101,1
179,6012,1
179,60121,1
179,0,6
179,41,5
179,71,15
179,1005,13
179,1006,8
179,711,16
180,5918,7
180,5688,3
180,5690,3
180,0,8
180,41,1
180,51,5
180,61,20
180,71,12
180,1005,19
180,611,10
180,711,9
181,3390,1
181,3119,3
181,3130,2
181,3191,2
181,0,6
181,41,5
181,51,12
181,61,24
181,1005,13
181,1120,3
181,611,12
182,6013,1
182,6010,1
182,60101,1
182,6012,1
182,60121,1
182,0,6
182,41,5
182,71,15
182,1005,13
182,1006,8
182,711,16
183,5918,7
183,5688,3
183,5690,3
183,0,8
183,41,1
183,51,5
183,61,20
183,71,12
183,1005,19
183,611,10
183,711,9
184,2002,4
184,2229,2
184,2805,2
184,2150,2
184,2151,1
184,71,1
184,1005,3
184,711,11
185,5916,1
185,5900,3
185,0,6
185,41,1
185,51,5
185,61,20
185,71,15
185,1005,3
185,1120,3
185,611,4
185,711,11
186,4000,1
186,4069,1
186,40691,1
186,4118,1
186,41181,1
186,0,6
186,41,5
186,51,24
186,71,11
186,1005,24
186,711,14
187,5915,1
187,5900,3
187,0,6
187,41,1
187,51,5
187,61,20
187,71,15
187,1005,3
187,1120,3
187,611,4
187,711,11
188,3390,1
188,3119,3
188,3130,2
188,3191,2
188,0,6
188,41,5
188,51,12
188,61,24
188,1005,13
188,1120,3
188,611,12
189,2002,4
189,2229,2
189,2805,2
189,2150,2
189,2151,1
189,71,1
189,1005,3
189,711,11
190,2002,5
190,2229,2
190,2805,2
190,2150,2
190,2151,1
190,71,1
190,1005,3
190,711,11
191,5914,1
191,5676,1
191,0,6
191,41,1
191,51,5
191,61,20
191,71,12
191,1005,3
191,1120,3
191,611,4
191,711,11
192,2002,5
192,2229,2
192,2805,2
192,2150,2
192,2151,1
192,71,1
192,1005,3
192,711,13
193,4000,1
193,4575,1
193,4588,1
193,45881,1
193,4590,1
193,45901,3
193,0,6
193,41,14
193,71,11
193,1005,27
193,1006,13
193,711,13
194,5918,7
194,5688,3
194,5690,3
194,0,8
194,41,1
194,51,5
194,61,20
194,71,12
194,1005,19
194,611,10
194,711,9
195,5918,7
195,5688,3
195,5690,3
195,0,8
195,41,1
195,51,5
195,61,21
195,71,11
195,1005,19
195,611,10
195,711,9
196,2002,5
196,2229,2
196,2805,2
196,2150,2
196,2151,1
196,71,1
196,1005,3
196,711,13
197,5919,1
197,5937,1
197,0,6
197,41,1
197,51,5
197,61,21
197,71,11
197,1015,2
197,1016,9
197,1120,4
197,611,10
197,711,14
198,3390,1
198,3119,3
198,3130,2
198,3191,2
198,0,6
198,41,5
198,51,12
198,61,24
198,1005,13
198,1120,3
198,611,12
199,3874,1
199,3859,1
199,3873,1
199,0,6
199,41,9
199,1006,3
199,1120,3
200,5918,7
200,5688,4
200,5690,3
200,0,7
200,41,1
200,51,5
200,61,21
200,71,11
200,1005,19
200,611,10
200,711,10
201,5916,1
201,5900,3
201,0,7
201,41,1
201,51,12
201,61,7
201,71,15
201,1005,13
201,1120,3
201,611,12
201,711,4
202,2002,5
202,2229,2
202,2805,2
202,2150,2
202,2151,1
202,71,1
202,1005,3
202,711,13
203,2002,5
203,2229,2
203,2805,2
203,2150,2
203,2151,1
203,71,1
203,1005,3
203,711,13
204,5916,1
204,5900,3
204,0,7
204,41,1
204,51,12
204,61,7
204,71,15
204,1005,13
204,1120,3
204,611,12
204,711,4
205,3390,1
205,3119,3
205,3130,2
205,3191,2
205,0,7
205,41,5
205,51,12
205,61,24
205,1005,13
205,1120,11
205,611,11
206,5915,1
206,5900,3
206,0,7
206,41,1
206,51,12
206,61,7
206,71,15
206,1005,13
206,1120,11
206,611,11
206,711,4
207,5914,1
207,5676,1
207,0,7
207,41,1
207,51,12
207,61,7
207,71,12
207,1005,20
207,1120,9
207,611,11
207,711,14
208,5915,1
208,5900,3
208,0,7
208,41,2
208,51,12
208,61,7
208,71,15
208,1005,19
208,1120,9
208,611,11
208,711,4
209,4000,1
209,4069,1
209,40691,1
209,4118,1
209,41181,1
209,0,7
209,41,5
209,51,24
209,71,15
209,1005,20
209,711,15
210,5918,8
210,5688,4
210,5690,3
210,0,7
210,41,2
210,51,16
210,61,7
210,71,12
210,1005,20
210,611,10
210,711,10
211,2002,5
211,2229,2
211,2805,2
211,2150,2
211,2151,1
211,71,1
211,1005,3
211,711,13
212,3390,1
212,3119,3
212,3130,2
212,3191,2
212,0,7
212,41,5
212,51,12
212,61,24
212,1005,19
212,1120,9
212,611,11
213,2002,5
213,2229,2
213,2805,2
213,2150,2
213,2151,1
213,71,1
213,1005,3
213,711,13
214,5918,8
214,5688,4
214,5690,3
214,0,7
214,41,2
214,51,16
214,61,7
214,71,12
214,1005,20
214,611,10
214,711,10
215,2002,5
215,2150,2
215,2151,1
215,2229,2
215,2805,2
215,71,1
215,1005,3
215,711,13
216,2002,5
216,2150,2
216,2151,1
216,2229,2
216,2805,2
216,71,1
216,1005,3
216,711,13
217,5918,8
217,5688,4
217,5690,3
217,0,7
217,41,2
217,51,16
217,61,7
217,71,12
217,1005,20
217,611,10
217,711,10
218,4000,1
218,4069,1
218,40691,1
218,4118,1
218,41181,1
218,0,7
218,41,5
218,51,24
218,71,15
218,1005,20
218,711,15
219,5918,8
219,5688,4
219,5690,3
219,0,7
219,41,2
219,51,16
219,61,7
219,71,12
219,1005,20
219,611,10
219,711,10
220,2002,5
220,2229,2
220,2805,2
220,2150,2
220,2151,1
220,71,1
220,1005,3
220,711,13
221,5916,1
221,5900,3
221,0,7
221,41,2
221,51,12
221,61,7
221,71,15
221,1005,19
221,1120,9
221,611,11
221,711,4
222,2002,5
222,2229,2
222,2805,2
222,2150,2
222,2151,1
222,71,1
222,1005,3
222,711,13
223,2002,5
223,2229,2
223,2805,2
223,2150,2
223,2151,1
223,71,1
223,1005,3
223,711,13
224,2002,5
224,2229,2
224,2805,2
224,2150,2
224,2151,1
224,71,1
224,1005,3
224,711,13
225,5915,1
225,5900,3
225,0,7
225,41,2
225,51,14
225,61,7
225,71,15
225,1005,19
225,1120,9
225,611,11
225,711,4
226,5918,8
226,5688,4
226,5690,3
226,0,7
226,41,2
226,51,24
226,61,7
226,71,18
226,1005,19
226,611,10
226,711,4
227,3390,1
227,3119,3
227,3130,2
227,3191,2
227,0,7
227,41,5
227,51,14
227,61,24
227,1005,19
227,1120,9
227,611,11
228,5916,2
228,5900,3
228,0,7
228,41,2
228,51,14
228,61,8
228,71,15
228,1005,19
228,1120,9
228,611,11
228,711,4
229,2002,5
229,2229,2
229,2805,2
229,2150,2
229,2151,1
229,71,1
229,1005,3
229,711,13
230,5915,1
230,5900,3
230,0,7
230,41,2
230,51,14
230,61,8
230,71,15
230,1005,19
230,1120,9
230,611,11
230,711,4
231,2002,5
231,2229,3
231,2805,3
231,2150,3
231,2151,2
231,71,18
231,1005,3
231,711,4
232,3390,1
232,3119,3
232,3130,2
232,3191,2
232,0,7
232,41,5
232,51,14
232,61,24
232,1005,19
232,1120,9
232,611,11
233,5918,8
233,5688,4
233,5690,3
233,0,7
233,41,2
233,51,24
233,61,8
233,71,18
233,1005,19
233,611,10
233,711,4
234,5918,8
234,5688,4
234,5690,3
234,0,7
234,41,2
234,51,24
234,61,8
234,71,18
234,1005,19
234,611,10
234,711,4
235,5916,2
235,5900,3
235,0,8
235,41,2
235,51,30
235,61,8
235,71,5
235,1005,19
235,1120,9
235,611,11
235,711,13
236,2002,5
236,2150,3
236,2151,2
236,2229,3
236,2805,3
236,71,18
236,1005,18
236,711,12
237,2002,6
237,2229,3
237,2805,3
237,2150,3
237,2151,2
237,71,18
237,1005,18
237,711,12
238,5918,8
238,5688,4
238,5690,3
238,0,10
238,41,2
238,51,24
238,61,8
238,71,5
238,1005,20
238,611,10
238,711,10
239,5918,8
239,5688,4
239,5690,3
239,0,10
239,41,2
239,51,24
239,61,8
239,71,5
239,1005,20
239,611,10
239,711,10
240,2002,6
240,2229,3
240,2805,3
240,2150,3
240,2151,2
240,71,18
240,1005,18
240,711,12
241,5916,2
241,5900,3
241,0,8
241,41,2
241,51,30
241,61,8
241,71,5
241,1005,19
241,1120,9
241,611,11
241,711,13
242,3390,1
242,3119,3
242,3130,2
242,3191,2
242,0,8
242,41,5
242,51,31
242,61,9
242,1005,19
242,1120,9
242,611,11
243,2002,6
243,2229,3
243,2805,3
243,2150,3
243,2151,2
243,71,18
243,1005,18
243,711,12
244,2002,6
244,2229,3
244,2805,3
244,2150,3
244,2151,2
244,71,18
244,1005,18
244,711,12
245,3390,1
245,3119,3
245,3130,2
245,3191,2
245,0,8
245,41,5
245,51,31
245,61,9
245,1005,19
245,1120,9
245,611,11
246,5918,8
246,5688,4
246,5690,3
246,0,10
246,41,2
246,51,24
246,61,8
246,71,5
246,1005,20
246,611,10
246,711,10
247,6013,1
247,6010,1
247,60101,1
247,6012,1
247,60121,1
247,0,17
247,41,5
247,71,5
247,1005,24
247,1006,14
247,711,15
248,3390,1
248,3119,4
248,3130,2
248,3191,2
248,0,8
248,41,5
248,51,24
248,61,9
248,1005,24
248,1120,9
248,611,11
249,3390,1
249,3119,4
249,3130,2
249,3191,2
249,0,8
249,41,6
249,51,24
249,61,9
249,1005,24
249,1120,9
249,611,11
250,5918,8
250,5688,4
250,5690,3
250,0,10
250,41,2
250,51,24
250,61,8
250,71,5
250,1005,20
250,611,10
250,711,10
251,3390,1
251,3119,4
251,3130,2
251,3191,2
251,0,8
251,41,6
251,51,24
251,61,9
251,1005,24
251,1120,18
251,611,11
252,5918,8
252,5688,4
252,5690,3
252,0,10
252,41,2
252,51,24
252,61,8
252,71,5
252,1005,20
252,611,10
252,711,10
253,4000,1
253,4069,1
253,40691,1
253,4118,1
253,41181,1
253,0,13
253,41,6
253,51,24
253,71,5
253,1005,24
253,711,14
254,5914,1
254,5676,1
254,0,8
254,41,2
254,51,24
254,61,8
254,71,5
254,1005,20
254,1120,18
254,611,11
254,711,14
255,3390,1
255,3119,4
255,3130,2
255,3191,2
255,0,8
255,41,6
255,51,24
255,61,9
255,1005,24
255,1120,18
255,611,11
256,5916,2
256,5900,3
256,0,8
256,41,2
256,51,30
256,61,8
256,71,5
256,1005,19
256,1120,18
256,611,11
256,711,13
257,2002,6
257,2229,3
257,2805,3
257,2150,3
257,2151,2
257,71,18
257,1005,18
257,711,12
258,5916,2
258,5900,3
258,0,8
258,41,2
258,51,30
258,61,8
258,71,5
258,1005,24
258,1120,11
258,611,10
258,711,13
259,4000,1
259,4069,1
259,40691,1
259,4118,1
259,41181,1
259,0,13
259,41,6
259,51,24
259,71,5
259,1005,24
259,711,14
260,5915,1
260,5900,3
260,0,8
260,41,2
260,51,30
260,61,8
260,71,5
260,1005,24
260,1120,11
260,611,10
260,711,14
261,2002,6
261,2229,3
261,2805,3
261,2150,3
261,2151,2
261,71,18
261,1005,18
261,711,12
262,3390,1
262,3119,4
262,3130,2
262,3191,3
262,0,8
262,41,6
262,51,24
262,61,9
262,1005,24
262,1120,18
262,611,11
263,4000,1
263,4069,1
263,40691,1
263,4118,1
263,41181,1
263,0,13
263,41,6
263,51,28
263,71,5
263,1005,24
263,711,14
264,5915,1
264,5900,3
264,0,9
264,41,2
264,51,30
264,61,8
264,71,5
264,1005,24
264,1120,11
264,611,10
264,711,14
265,5916,2
265,5900,3
265,0,9
265,41,2
265,51,30
265,61,8
265,71,5
265,1005,24
265,1120,11
265,611,19
265,711,14
266,4000,1
266,4069,1
266,40691,1
266,4118,1
266,41181,1
266,0,13
266,41,6
266,51,28
266,71,5
266,1005,24
266,711,15
267,2002,6
267,2229,3
267,2805,3
267,2150,3
267,2151,2
267,71,18
267,1005,18
267,711,12
268,2002,6
268,2229,3
268,2805,3
268,2150,3
268,2151,2
268,71,18
268,1005,18
268,711,12
269,2002,6
269,2229,3
269,2805,3
269,2150,3
269,2151,2
269,71,18
269,1005,18
269,711,12
270,5918,8
270,5688,4
270,5690,3
270,0,10
270,41,2
270,51,28
270,61,8
270,71,5
270,1005,20
270,611,16
270,711,15
271,2002,6
271,2150,3
271,2151,2
271,2229,3
271,2805,3
271,71,18
271,1005,18
271,711,12
272,2002,6
272,2229,3
272,2805,3
272,2150,3
272,2151,2
272,71,18
272,1005,18
272,711,12
273,2002,6
273,2229,3
273,2805,3
273,2150,3
273,2151,2
273,71,18
273,1005,18
273,711,12
274,4000,1
274,4069,1
274,40691,1
274,4118,1
274,41181,1
274,0,13
274,41,6
274,51,28
274,71,5
274,1005,24
274,711,15
275,5918,8
275,5688,4
275,5690,5
275,0,10
275,41,2
275,51,28
275,61,9
275,71,18
275,1005,20
275,611,12
275,711,10
276,2002,6
276,2229,3
276,2805,3
276,2150,3
276,2151,2
276,71,18
276,1005,18
276,711,12
277,5918,8
277,5688,4
277,5690,5
277,0,10
277,41,2
277,51,28
277,61,9
277,71,19
277,1005,20
277,611,12
277,711,10
278,2002,6
278,2229,3
278,2805,3
278,2150,3
278,2151,2
278,71,19
278,1005,18
278,711,12
279,5916,2
279,5900,3
279,0,9
279,41,3
279,51,30
279,61,8
279,71,5
279,1005,24
279,1120,11
279,611,19
279,711,15
280,2002,6
280,2229,3
280,2805,3
280,2150,3
280,2151,2
280,71,19
280,1005,18
280,711,12
281,5915,1
281,5900,3
281,0,9
281,41,3
281,51,30
281,61,8
281,71,5
281,1005,24
281,1120,11
281,611,19
281,711,15
282,2002,6
282,2229,3
282,2805,3
282,2150,3
282,2151,2
282,71,19
282,1005,18
282,711,12
283,2002,7
283,2229,3
283,2805,3
283,2150,3
283,2151,2
283,71,19
283,1005,18
283,711,12
284,5918,8
284,5688,4
284,5690,5
284,0,10
284,41,3
284,51,28
284,61,9
284,71,19
284,1005,20
284,611,12
284,711,10
285,5915,1
285,5900,3
285,0,9
285,41,3
285,51,30
285,61,8
285,71,5
285,1005,24
285,1120,11
285,611,19
285,711,15
286,3390,1
286,3119,4
286,3130,2
286,3191,3
286,0,9
286,41,6
286,51,28
286,61,9
286,1005,24
286,1120,18
286,611,17
287,5918,9
287,5688,4
287,5690,5
287,0,10
287,41,3
287,51,28
287,61,9
287,71,15
287,1005,20
287,611,12
287,711,10
288,5916,2
288,5900,3
288,0,9
288,41,3
288,51,30
288,61,8
288,71,5
288,1005,24
288,1120,11
288,611,19
288,711,15
289,3390,1
289,3119,4
289,3130,2
289,3191,3
289,0,9
289,41,6
289,51,28
289,61,9
289,1005,24
289,1120,18
289,611,17
290,3390,1
290,3119,4
290,3130,2
290,3191,3
290,0,9
290,41,6
290,51,28
290,61,9
290,1005,24
290,1120,18
290,611,17
291,2002,7
291,2229,3
291,2805,3
291,2150,3
291,2151,2
291,71,19
291,1005,18
291,711,12
292,2002,7
292,2150,3
292,2151,2
292,2229,3
292,2805,3
292,71,19
292,1005,18
292,711,12
293,3390,1
293,3119,4
293,3130,2
293,3191,3
293,0,9
293,41,6
293,51,28
293,61,9
293,1005,24
293,1120,18
293,611,17
294,5916,2
294,5900,3
294,0,9
294,41,3
294,51,30
294,61,8
294,71,5
294,1005,24
294,1120,11
294,611,19
294,711,15
295,2002,7
295,2229,3
295,2805,3
295,2150,3
295,2151,2
295,71,19
295,1005,18
295,711,16
296,5915,1
296,5900,3
296,0,9
296,41,3
296,51,30
296,61,9
296,71,3
296,1005,24
296,1120,11
296,611,19
296,711,15
297,2002,7
297,2229,3
297,2805,3
297,2150,3
297,2151,2
297,71,19
297,1005,18
297,711,16
298,2002,7
298,2229,3
298,2805,3
298,2150,3
298,2151,2
298,71,19
298,1005,18
298,711,16
299,2002,7
299,2229,3
299,2805,3
299,2150,3
299,2151,2
299,71,19
299,1005,18
299,711,16
300,5918,9
300,5688,5
300,5690,4
300,0,13
300,41,3
300,51,28
300,61,9
300,71,3
300,1005,24
300,611,17
300,711,15
301,5919,1
301,5937,1
301,0,9
301,41,3
301,51,28
301,61,9
301,71,3
301,1015,2
301,1016,9
301,1120,11
301,611,12
301,711,15
302,2002,7
302,2229,3
302,2805,3
302,2150,3
302,2151,2
302,71,19
302,1005,18
302,711,16
303,5916,2
303,5900,3
303,0,9
303,41,3
303,51,30
303,61,9
303,71,3
303,1005,24
303,1120,11
303,611,19
303,711,15
304,5916,2
304,5900,3
304,0,9
304,41,3
304,51,30
304,61,9
304,71,3
304,1005,27
304,1120,11
304,611,12
304,711,15
305,5916,2
305,5900,3
305,0,9
305,41,3
305,51,30
305,61,10
305,71,3
305,1005,27
305,1120,11
305,611,12
305,711,15
306,2002,7
306,2229,3
306,2805,3
306,2150,3
306,2151,2
306,71,19
306,1005,18
306,711,16
307,2002,7
307,2229,3
307,2805,3
307,2150,3
307,2151,3
307,71,1
307,1005,18
307,711,15
308,2002,7
308,2150,3
308,2151,3
308,2229,3
308,2805,3
308,71,1
308,1005,18
308,711,15
309,3390,1
309,3119,4
309,3130,2
309,3191,3
309,0,9
309,41,6
309,51,28
309,61,10
309,1005,27
309,1120,18
309,611,12
310,3390,1
310,3119,4
310,3130,2
310,3191,3
310,0,9
310,41,6
310,51,28
310,61,10
310,1005,27
310,1120,18
310,611,12
311,2002,7
311,2229,3
311,2805,3
311,2150,3
311,2151,3
311,71,1
311,1005,18
311,711,16
312,5914,1
312,5676,1
312,0,9
312,41,3
312,51,28
312,61,10
312,71,3
312,1005,20
312,1120,18
312,611,12
312,711,16
313,2002,7
313,2229,4
313,2805,4
313,2150,5
313,2151,4
313,71,19
313,1005,20
313,711,16
314,5916,2
314,5900,3
314,0,9
314,41,3
314,51,30
314,61,10
314,71,3
314,1005,27
314,1120,11
314,611,12
314,711,16
315,5918,9
315,5688,5
315,5690,4
315,0,13
315,41,3
315,51,28
315,61,10
315,71,3
315,1005,27
315,611,12
315,711,22
316,5918,9
316,5688,5
316,5690,4
316,0,13
316,41,3
316,51,28
316,61,10
316,71,3
316,1005,27
316,611,12
316,711,22
317,4000,1
317,4069,1
317,40691,1
317,4118,1
317,41181,1
317,0,13
317,41,6
317,51,28
317,71,5
317,1005,27
317,711,16
318,3390,1
318,3119,4
318,3130,2
318,3191,3
318,0,9
318,41,6
318,51,28
318,61,10
318,1005,27
318,1120,18
318,611,17
319,5916,2
319,5900,5
319,0,9
319,41,6
319,51,28
319,61,10
319,71,15
319,1005,20
319,1120,11
319,611,13
319,711,16
320,3390,1
320,3119,4
320,3130,2
320,3191,3
320,0,9
320,41,6
320,51,28
320,61,10
320,1005,27
320,1120,18
320,611,17
321,5916,2
321,5900,5
321,0,9
321,41,6
321,51,28
321,61,10
321,71,15
321,1005,20
321,1120,11
321,611,13
321,711,16
322,2002,7
322,2229,4
322,2805,4
322,2150,5
322,2151,4
322,71,19
322,1005,20
322,711,16
323,5918,9
323,5688,5
323,5690,4
323,0,13
323,41,3
323,51,28
323,61,10
323,71,3
323,1005,27
323,611,17
323,711,22
324,5918,9
324,5688,5
324,5690,4
324,0,13
324,41,3
324,51,29
324,61,10
324,71,3
324,1005,27
324,611,17
324,711,22
325,5918,9
325,5688,5
325,5690,4
325,0,13
325,41,3
325,51,29
325,61,10
325,71,3
325,1005,27
325,611,17
325,711,22
326,2002,7
326,2229,4
326,2805,4
326,2150,5
326,2151,4
326,71,19
326,1005,20
326,711,16
327,2002,7
327,2229,4
327,2805,4
327,2150,5
327,2151,4
327,71,19
327,1005,20
327,711,16
328,5915,1
328,5900,5
328,0,9
328,41,6
328,51,29
328,61,10
328,71,15
328,1005,20
328,1120,18
328,611,13
328,711,16
329,3602,1
329,3618,2
329,3623,1
329,3805,2
329,0,13
329,41,6
329,1005,27
329,1120,18
330,2002,7
330,2229,4
330,2805,4
330,2150,5
330,2151,4
330,71,19
330,1005,20
330,711,17
331,2002,8
331,2229,4
331,2805,4
331,2150,5
331,2151,4
331,71,19
331,1005,20
331,711,17
332,5916,2
332,5900,5
332,0,9
332,41,6
332,51,29
332,61,24
332,71,5
332,1005,20
332,1120,18
332,611,13
332,711,19
333,2002,8
333,2229,4
333,2805,4
333,2150,5
333,2151,4
333,71,19
333,1005,27
333,711,17
334,5918,9
334,5688,5
334,5690,4
334,0,13
334,41,3
334,51,29
334,61,24
334,71,3
334,1005,5
334,611,17
334,711,23
335,5916,2
335,5900,5
335,0,10
335,41,6
335,51,14
335,61,21
335,71,5
335,1005,27
335,1120,13
335,611,13
335,711,22
336,5919,1
336,5937,1
336,0,10
336,41,3
336,51,14
336,61,21
336,71,3
336,1015,2
336,1016,5
336,1120,13
336,611,3
336,711,9
337,2002,8
337,2229,4
337,2805,4
337,2150,5
337,2151,4
337,71,19
337,1005,27
337,711,17
338,6013,1
338,6010,1
338,60101,1
338,6012,1
338,60121,1
338,0,17
338,41,6
338,71,5
338,1005,27
338,1006,14
338,711,18
339,5918,9
339,5688,5
339,5690,4
339,0,13
339,41,3
339,51,29
339,61,24
339,71,3
339,1005,5
339,611,17
339,711,23
340,3390,1
340,3119,4
340,3130,2
340,3191,3
340,0,14
340,41,6
340,51,14
340,61,24
340,1005,5
340,1120,18
340,611,17
341,2002,8
341,2229,4
341,2805,4
341,2150,5
341,2151,4
341,71,19
341,1005,27
341,711,17
342,5919,1
342,5937,1
342,0,10
342,41,3
342,51,14
342,61,21
342,71,3
342,1015,2
342,1016,5
342,1120,13
342,611,3
342,711,9
343,2002,8
343,2150,4
343,2151,4
343,2229,4
343,2805,5
343,71,3
343,1005,27
343,711,17
344,2002,8
344,2229,4
344,2805,4
344,2150,5
344,2151,4
344,71,19
344,1005,27
344,711,17
345,5918,9
345,5688,5
345,5690,4
345,0,13
345,41,3
345,51,29
345,61,24
345,71,3
345,1005,5
345,611,20
345,711,23
346,4000,1
346,4069,1
346,40691,1
346,4118,1
346,41181,1
346,0,13
346,41,6
346,51,29
346,71,5
346,1005,27
346,711,18
347,3390,1
347,3119,4
347,3130,2
347,3191,3
347,0,14
347,41,6
347,51,14
347,61,24
347,1005,5
347,1120,18
347,611,18
348,6013,1
348,6010,1
348,60101,1
348,6012,1
348,60121,1
348,0,17
348,41,6
348,71,5
348,1005,27
348,1006,14
348,711,18
349,2002,8
349,2229,4
349,2805,4
349,2150,5
349,2151,4
349,71,19
349,1005,27
349,711,17
350,5918,9
350,5688,5
350,5690,4
350,0,13
350,41,3
350,51,29
350,61,24
350,71,3
350,1005,5
350,611,20
350,711,23
351,5919,1
351,5937,1
351,0,10
351,41,3
351,51,14
351,61,21
351,71,3
351,1015,2
351,1016,5
351,1120,13
351,611,3
351,711,9
352,5918,9
352,5688,5
352,5690,4
352,0,13
352,41,3
352,51,29
352,61,24
352,71,3
352,1005,5
352,611,20
352,711,23
353,3390,1
353,3119,4
353,3130,2
353,3191,3
353,0,14
353,41,6
353,51,14
353,61,24
353,1005,5
353,1120,18
353,611,18
354,2002,8
354,2229,4
354,2805,4
354,2150,5
354,2151,4
354,71,19
354,711,17
355,5918,9
355,5688,5
355,5690,4
355,0,13
355,41,3
355,51,29
355,61,24
355,71,3
355,1005,5
355,611,20
355,711,23
356,5916,2
356,5900,5
356,0,10
356,41,9
356,51,29
356,61,24
356,71,3
356,1005,5
356,1120,13
356,611,13
356,711,23
357,2002,8
357,2229,4
357,2805,4
357,2150,5
357,2151,4
357,71,19
357,711,17
358,5915,1
358,5900,5
358,0,10
358,41,9
358,51,29
358,61,24
358,71,3
358,1005,5
358,1120,13
358,611,13
358,711,23
359,3390,1
359,3119,4
359,3130,3
359,3191,3
359,0,14
359,41,3
359,51,31
359,61,29
359,1005,5
359,1120,2
359,611,18
360,5915,1
360,5900,5
360,0,10
360,41,9
360,51,29
360,61,24
360,71,3
360,1005,5
360,1120,13
360,611,13
360,711,23
361,3390,1
361,3119,4
361,3130,3
361,3191,3
361,0,14
361,41,25
361,51,2
361,61,29
361,1005,5
361,1120,2
361,611,18
362,5918,9
362,5688,5
362,5690,4
362,0,13
362,41,22
362,51,2
362,61,24
362,71,3
362,1005,5
362,611,20
362,711,23
363,5918,9
363,5688,5
363,5690,4
363,0,13
363,41,22
363,51,2
363,61,24
363,71,3
363,1005,5
363,611,20
363,711,23
364,5915,1
364,5900,5
364,0,10
364,41,9
364,51,29
364,61,24
364,71,4
364,1005,5
364,1120,13
364,611,13
364,711,23
365,2002,8
365,2229,4
365,2805,4
365,2150,5
365,2151,4
365,71,19
365,711,17
366,5915,1
366,5900,5
366,0,10
366,41,9
366,51,29
366,61,24
366,71,4
366,1005,5
366,1120,13
366,611,13
366,711,23
367,5918,9
367,5688,5
367,5690,4
367,0,14
367,41,17
367,51,2
367,61,24
367,71,4
367,1005,5
367,611,20
367,711,23
368,2002,8
368,2229,4
368,2805,4
368,2150,5
368,2151,4
368,71,19
368,711,17
369,5914,1
369,5676,1
369,0,14
369,41,9
369,51,2
369,61,24
369,71,4
369,1005,5
369,1120,13
369,611,20
369,711,23
370,5918,9
370,5688,5
370,5690,4
370,0,14
370,41,17
370,51,2
370,61,24
370,71,4
370,1005,5
370,611,20
370,711,23
371,3602,1
371,3618,2
371,3623,1
371,3805,2
371,0,14
371,41,17
371,1005,6
371,1120,18
372,5918,9
372,5688,5
372,5690,4
372,0,14
372,41,17
372,51,2
372,61,24
372,71,4
372,1005,5
372,611,20
372,711,23
373,5918,9
373,5688,5
373,5690,4
373,0,14
373,41,17
373,51,2
373,61,26
373,71,4
373,1005,5
373,611,20
373,711,23
374,5915,2
374,5900,5
374,0,10
374,41,9
374,51,29
374,61,26
374,71,4
374,1005,5
374,1120,13
374,611,13
374,711,24
375,2002,8
375,2229,4
375,2805,4
375,2150,5
375,2151,4
375,71,19
375,711,17
376,2002,8
376,2150,4
376,2151,4
376,2229,4
376,2805,5
376,71,4
376,711,17
377,5919,1
377,5937,1
377,0,10
377,41,9
377,51,2
377,61,21
377,71,4
377,1015,5
377,1016,5
377,1120,13
377,611,15
377,711,22
378,4000,1
378,4575,1
378,4588,1
378,45881,1
378,4590,1
378,45901,3
378,0,10
378,41,17
378,71,12
378,1005,5
378,1006,13
378,711,24
379,6013,1
379,6010,1
379,60101,1
379,6012,1
379,60121,1
379,0,17
379,41,28
379,71,4
379,1005,5
379,1006,18
379,711,18
380,3390,1
380,3119,4
380,3130,3
380,3191,3
380,0,14
380,41,25
380,51,2
380,61,29
380,1005,5
380,1120,2
380,611,18
381,3390,1
381,3119,5
381,3130,3
381,3191,3
381,0,10
381,41,22
381,51,2
381,61,26
381,1005,5
381,1120,2
381,611,18
382,5916,2
382,5900,5
382,0,10
382,41,10
382,51,29
382,61,26
382,71,4
382,1005,5
382,1120,13
382,611,13
382,711,24
383,5918,10
383,5688,6
383,5690,4
383,0,10
383,41,22
383,51,2
383,61,29
383,71,4
383,1005,5
383,611,18
383,711,22
384,3390,1
384,3119,5
384,3130,3
384,3191,3
384,0,10
384,41,22
384,51,2
384,61,26
384,1005,6
384,1120,5
384,611,18
385,5918,10
385,5688,6
385,5690,4
385,0,14
385,41,14
385,51,2
385,61,29
385,71,4
385,1005,11
385,611,18
385,711,22
386,5915,2
386,5900,5
386,0,14
386,41,10
386,51,30
386,61,26
386,71,4
386,1005,11
386,1120,18
386,611,13
386,711,19
387,5919,1
387,5937,1
387,0,14
387,41,10
387,51,2
387,61,26
387,71,4
387,1015,5
387,1016,5
387,1120,13
387,611,15
387,711,19
388,7275,2
388,7200,1
388,72001,1
388,7202,1
388,7253,1
388,72531,2
388,7254,1
388,7276,1
388,0,14
388,61,26
388,1006,4
388,611,20
389,3390,1
389,3119,5
389,3130,3
389,3191,3
389,0,14
389,41,14
389,51,2
389,61,26
389,1005,6
389,1120,5
389,611,18
390,5918,10
390,5688,6
390,5690,4
390,0,14
390,41,14
390,51,2
390,61,29
390,71,4
390,1005,11
390,611,18
390,711,22
391,3390,1
391,3119,5
391,3130,3
391,3191,3
391,0,14
391,41,14
391,51,2
391,61,26
391,1005,6
391,1120,5
391,611,18
392,5915,2
392,5900,5
392,0,14
392,41,10
392,51,30
392,61,26
392,71,4
392,1005,11
392,1120,18
392,611,13
392,711,19
393,5916,2
393,5900,5
393,0,14
393,41,10
393,51,30
393,61,26
393,71,4
393,1005,11
393,1120,18
393,611,13
393,711,19
394,5915,2
394,5900,5
394,0,14
394,41,10
394,51,30
394,61,26
394,71,4
394,1005,11
394,1120,18
394,611,13
394,711,19
395,3390,1
395,3119,5
395,3130,3
395,3191,3
395,0,14
395,41,14
395,51,2
395,61,26
395,1005,6
395,1120,5
395,611,18
396,2002,8
396,2229,4
396,2805,4
396,2150,5
396,2151,4
396,71,19
396,711,17
397,5915,2
397,5900,5
397,0,15
397,41,10
397,51,30
397,61,26
397,71,4
397,1005,11
397,1120,19
397,611,13
397,711,19
398,2002,8
398,2229,4
398,2805,4
398,2150,5
398,2151,4
398,71,19
398,711,17
399,2002,8
399,2229,4
399,2805,4
399,2150,5
399,2151,4
399,711,17
400,5918,10
400,5688,6
400,5690,4
400,0,15
400,41,14
400,51,2
400,61,29
400,71,4
400,1005,11
400,611,18
400,711,22
401,5918,10
401,5688,6
401,5690,4
401,0,15
401,41,14
401,51,2
401,61,29
401,71,4
401,1005,11
401,611,18
401,711,22
402,2002,10
402,2229,4
402,2805,4
402,2150,5
402,2151,4
402,711,17
403,2002,10
403,2229,4
403,2805,4
403,2150,5
403,2151,4
403,711,17
404,5919,1
404,5937,1
404,0,15
404,41,10
404,51,2
404,61,26
404,71,4
404,1015,5
404,1016,5
404,1120,13
404,611,15
404,711,19
405,2002,10
405,2229,4
405,2805,4
405,2150,5
405,2151,4
405,711,18
406,5918,10
406,5688,6
406,5690,4
406,0,15
406,41,14
406,51,2
406,61,29
406,71,4
406,1005,11
406,611,18
406,711,22
407,5918,10
407,5688,6
407,5690,5
407,0,15
407,41,10
407,51,2
407,61,29
407,1005,11
407,611,18
407,711,19
408,5919,1
408,5937,1
408,0,15
408,41,10
408,51,2
408,61,26
408,71,4
408,1015,5
408,1016,5
408,1120,13
408,611,15
408,711,19
409,2002,10
409,2229,4
409,2805,4
409,2150,5
409,2151,4
409,711,18
410,5918,10
410,5688,6
410,5690,5
410,0,15
410,41,10
410,51,3
410,61,29
410,1005,11
410,611,18
410,711,19
411,5918,10
411,5688,6
411,5690,5
411,0,15
411,41,10
411,51,3
411,61,29
411,1005,11
411,611,18
411,711,19
412,5918,10
412,5688,6
412,5690,5
412,0,15
412,41,10
412,51,3
412,61,29
412,1005,11
412,611,20
412,711,19
413,7275,2
413,7200,1
413,72001,1
413,7202,1
413,7253,1
413,72531,2
413,7254,1
413,7276,1
413,0,15
413,61,26
413,1006,4
413,611,20
414,4000,1
414,4575,1
414,4588,1
414,45881,1
414,4590,1
414,45901,3
414,0,15
414,41,14
414,71,15
414,1005,11
414,1006,4
414,711,24
415,5918,10
415,5688,6
415,5690,5
415,0,15
415,41,10
415,51,3
415,61,29
415,1005,11
415,611,20
415,711,19
416,5916,2
416,5900,5
416,0,15
416,41,10
416,51,30
416,61,26
416,71,4
416,1005,11
416,1120,19
416,611,13
416,711,19
417,5918,10
417,5688,6
417,5690,5
417,0,15
417,41,10
417,51,3
417,61,29
417,1005,11
417,611,20
417,711,19
418,5914,1
418,5676,1
418,0,15
418,41,10
418,51,3
418,61,26
418,71,4
418,1005,11
418,1120,13
418,611,20
418,711,24
419,2002,10
419,2229,4
419,2805,4
419,2150,5
419,2151,4
419,711,18
420,2002,10
420,2229,4
420,2805,4
420,2150,5
420,2151,4
420,711,18
421,2002,10
421,2229,4
421,2805,4
421,2150,5
421,2151,4
421,711,18
422,5915,2
422,5900,5
422,0,15
422,41,10
422,51,30
422,61,27
422,71,4
422,1005,11
422,1120,19
422,611,13
422,711,19
423,2002,10
423,2150,4
423,2151,4
423,2229,4
423,2805,5
423,1005,6
423,711,18
424,5918,10
424,5688,6
424,5690,5
424,0,15
424,41,10
424,51,3
424,61,29
424,1005,11
424,611,20
424,711,19
425,6013,1
425,6010,1
425,60101,1
425,6012,1
425,60121,1
425,0,17
425,41,28
425,1005,6
425,1006,9
425,711,18
426,2002,10
426,2229,4
426,2805,4
426,2150,5
426,2151,4
426,711,18
427,7275,2
427,7200,1
427,72001,1
427,7202,1
427,7253,1
427,72531,2
427,7254,1
427,7276,1
427,0,15
427,61,27
427,1006,7
427,611,20
428,3390,1
428,3119,5
428,3130,3
428,3191,4
428,0,17
428,41,15
428,51,3
428,61,29
428,1005,6
428,1120,5
428,611,19
429,6013,1
429,6010,1
429,60101,1
429,6012,1
429,60121,1
429,0,17
429,41,28
429,1005,6
429,1006,9
429,711,18
430,5918,10
430,5688,6
430,5690,5
430,0,15
430,41,10
430,51,3
430,61,29
430,1005,11
430,611,20
430,711,19
431,2002,10
431,2229,5
431,2805,4
431,2150,5
431,2151,5
431,1005,7
431,711,1
432,5916,3
432,5900,5
432,0,15
432,41,10
432,51,30
432,61,27
432,1005,6
432,1120,5
432,611,13
432,711,19
433,3390,1
433,3119,5
433,3130,3
433,3191,4
433,0,17
433,41,15
433,51,3
433,61,29
433,1005,6
433,1120,5
433,611,19
434,3390,1
434,3119,5
434,3130,3
434,3191,4
434,0,17
434,41,15
434,51,3
434,61,29
434,1005,6
434,1120,5
434,611,19
435,3390,1
435,3119,5
435,3130,3
435,3191,4
435,0,17
435,41,15
435,51,3
435,61,29
435,1005,6
435,1120,5
435,611,19
436,2002,10
436,2150,4
436,2151,5
436,2229,5
436,2805,5
436,1005,6
436,711,1
437,5918,10
437,5688,6
437,5690,5
437,0,15
437,41,10
437,51,3
437,61,29
437,1005,11
437,611,22
437,711,22
438,2002,10
438,2229,5
438,2805,4
438,2150,5
438,2151,5
438,1005,7
438,711,1
439,2002,10
439,2229,5
439,2805,4
439,2150,5
439,2151,5
439,1005,7
439,711,1
440,6013,1
440,6010,1
440,60101,1
440,6012,1
440,60121,1
440,0,17
440,41,28
440,1005,6
440,1006,9
440,711,18
441,5919,1
441,5937,1
441,0,15
441,41,10
441,51,3
441,61,27
441,1015,5
441,1016,5
441,1120,2
441,611,15
441,711,20
442,2002,10
442,2229,5
442,2805,5
442,2150,4
442,2151,5
442,1005,6
442,711,1
443,3390,1
443,3119,5
443,3130,3
443,3191,4
443,0,17
443,41,15
443,51,3
443,61,29
443,1005,6
443,1120,5
443,611,19
444,5919,1
444,5937,1
444,0,15
444,41,10
444,51,3
444,61,27
444,1015,5
444,1016,5
444,1120,2
444,611,15
444,711,20
445,3390,1
445,3119,5
445,3130,3
445,3191,4
445,0,17
445,41,15
445,51,3
445,61,29
445,1005,6
445,1120,5
445,611,19
446,2002,10
446,2229,5
446,2805,5
446,2150,4
446,2151,5
446,1005,6
446,711,1
447,4000,1
447,4069,1
447,40691,1
447,4118,1
447,41181,1
447,0,15
447,41,17
447,51,31
447,1005,6
447,711,1
448,2002,10
448,2229,5
448,2805,5
448,2150,4
448,2151,5
448,1005,6
448,711,1
449,5918,10
449,5688,6
449,5690,5
449,0,15
449,41,10
449,51,3
449,61,29
449,1005,11
449,611,22
449,711,22
450,5918,10
450,5688,6
450,5690,5
450,0,15
450,41,10
450,51,3
450,61,29
450,1005,11
450,611,22
450,711,22
451,5919,1
451,5937,1
451,0,15
451,41,10
451,51,3
451,61,27
451,1015,5
451,1016,5
451,1120,2
451,611,15
451,711,20
452,5919,2
452,5937,1
452,0,16
452,41,10
452,51,3
452,61,27
452,1015,5
452,1016,2
452,1120,2
452,611,15
452,711,20
453,5916,3
453,5900,5
453,0,16
453,41,10
453,51,31
453,61,29
453,1005,6
453,1120,5
453,611,13
453,711,20
454,3874,1
454,3859,1
454,3873,1
454,0,17
454,41,11
454,1006,3
454,1120,5
455,5914,1
455,5676,1
455,0,16
455,41,11
455,51,3
455,61,27
455,1005,6
455,1120,5
455,611,21
455,711,20
456,2002,10
456,2229,5
456,2805,5
456,2150,4
456,2151,5
456,1005,6
456,711,1
457,2002,10
457,2229,5
457,2805,5
457,2150,4
457,2151,5
457,1005,6
457,711,1
458,2002,11
458,2229,5
458,2805,5
458,2150,4
458,2151,5
458,1005,6
458,711,1
459,5918,10
459,5688,6
459,5690,5
459,0,16
459,41,11
459,51,3
459,61,30
459,1005,11
459,611,21
459,711,22
460,5916,3
460,5900,5
460,0,16
460,41,11
460,51,31
460,61,30
460,1005,6
460,1120,5
460,611,13
460,711,20
461,3390,1
461,3119,5
461,3130,3
461,3191,4
461,0,17
461,41,15
461,51,3
461,61,30
461,1005,6
461,1120,5
461,611,19
462,2002,11
462,2229,5
462,2805,5
462,2150,4
462,2151,5
462,1005,6
462,711,1
463,5918,10
463,5688,7
463,5690,5
463,0,19
463,41,11
463,51,3
463,61,30
463,1005,11
463,611,19
463,711,20
464,5916,3
464,5900,5
464,0,16
464,41,11
464,51,31
464,61,30
464,1005,6
464,1120,5
464,611,13
464,711,20
465,5915,2
465,5900,5
465,0,16
465,41,11
465,51,31
465,61,30
465,1005,9
465,1120,5
465,611,13
465,711,20
466,5918,10
466,5688,7
466,5690,6
466,0,19
466,41,11
466,51,35
466,61,30
466,1005,9
466,611,3
466,711,9
467,5918,10
467,5688,7
467,5690,6
467,0,19
467,41,11
467,51,35
467,61,30
467,1005,9
467,611,3
467,711,9
468,4000,1
468,4575,1
468,4588,1
468,45881,1
468,4590,1
468,45901,3
468,0,16
468,41,15
468,71,15
468,1005,11
468,1006,7
468,711,24
469,3390,1
469,3119,5
469,3130,3
469,3191,4
469,0,17
469,41,15
469,51,33
469,61,1
469,1005,9
469,1120,5
469,611,19
470,5915,2
470,5900,5
470,0,16
470,41,11
470,51,31
470,61,30
470,1005,9
470,1120,5
470,611,13
470,711,20
471,4000,1
471,4069,1
471,40691,1
471,4118,1
471,41181,1
471,0,16
471,41,17
471,51,31
471,1005,9
471,711,1
472,5916,3
472,5900,5
472,0,16
472,41,11
472,51,31
472,61,30
472,1005,9
472,1120,5
472,611,13
472,711,20
473,2002,11
473,2229,5
473,2805,5
473,2150,4
473,2151,5
473,1005,7
473,711,1
474,2002,11
474,2150,4
474,2151,5
474,2229,5
474,2805,5
474,1005,7
474,711,1
475,3390,1
475,3119,5
475,3130,3
475,3191,4
475,0,17
475,41,15
475,51,33
475,61,1
475,1005,9
475,1120,5
475,611,19
476,5916,3
476,5900,5
476,0,16
476,41,11
476,51,31
476,61,30
476,1005,9
476,1120,5
476,611,13
476,711,20
477,2002,11
477,2229,5
477,2805,5
477,2150,4
477,2151,5
477,1005,7
477,711,1
478,5914,1
478,5676,1
478,0,16
478,41,11
478,51,31
478,61,1
478,1005,9
478,1120,5
478,611,21
478,711,20
479,5916,3
479,5900,5
479,0,16
479,41,11
479,51,31
479,61,30
479,1005,9
479,1120,5
479,611,13
479,711,20
480,5918,11
480,5688,7
480,5690,6
480,0,17
480,41,11
480,51,33
480,61,30
480,1005,9
480,611,3
480,711,20
481,4000,1
481,4575,1
481,4588,1
481,45881,1
481,4590,1
481,45901,3
481,0,16
481,41,15
481,71,15
481,1005,11
481,1006,7
481,711,24
482,5918,11
482,5688,7
482,5690,6
482,0,17
482,41,11
482,51,33
482,61,30
482,1005,9
482,611,3
482,711,24
483,5918,11
483,5688,7
483,5690,6
483,0,17
483,41,11
483,51,33
483,61,30
483,1005,9
483,611,3
483,711,24
484,2002,11
484,2229,5
484,2805,5
484,2150,4
484,2151,5
484,1005,7
484,711,1
485,2002,11
485,2150,4
485,2151,5
485,2229,5
485,2805,5
485,1005,7
485,711,1
486,5915,2
486,5900,5
486,0,16
486,41,11
486,51,31
486,61,30
486,1005,9
486,1120,10
486,611,13
486,711,24
487,5915,2
487,5900,5
487,0,16
487,41,11
487,51,31
487,61,30
487,1005,9
487,1120,10
487,611,13
487,711,24
488,2002,11
488,2150,4
488,2151,5
488,2229,5
488,2805,5
488,1005,7
488,711,1
489,5919,2
489,5937,1
489,0,16
489,41,11
489,51,31
489,61,1
489,1015,6
489,1016,2
489,1120,2
489,611,3
489,711,25
490,5918,11
490,5688,7
490,5690,6
490,0,17
490,41,11
490,51,33
490,61,30
490,1005,9
490,611,3
490,711,24
491,5918,11
491,5688,7
491,5690,6
491,0,18
491,41,11
491,51,33
491,61,30
491,1005,9
491,611,3
491,711,24
492,5916,3
492,5900,6
492,0,16
492,41,15
492,51,31
492,61,1
492,1005,9
492,1120,10
492,611,16
492,711,24
493,3390,1
493,3119,5
493,3130,3
493,3191,4
493,0,18
493,41,15
493,51,33
493,61,1
493,1005,9
493,1120,10
493,611,21
494,3602,1
494,3618,2
494,3623,1
494,3805,2
494,0,16
494,41,17
494,1005,9
494,1120,19
495,6013,1
495,6010,1
495,60101,1
495,6012,1
495,60121,1
495,0,18
495,41,28
495,1005,9
495,1006,9
495,711,18
496,5919,2
496,5937,1
496,0,16
496,41,11
496,51,31
496,61,1
496,1015,6
496,1016,2
496,1120,2
496,611,3
496,711,25
497,5919,2
497,5937,1
497,0,16
497,41,11
497,51,31
497,61,1
497,1015,6
497,1016,2
497,1120,2
497,611,3
497,711,25
498,2002,11
498,2150,4
498,2151,5
498,2229,5
498,2805,5
498,1005,7
498,711,18
499,4000,1
499,4069,1
499,40691,1
499,4118,1
499,41181,1
499,0,16
499,41,17
499,51,31
499,1005,9
499,711,18
500,3390,1
500,3119,5
500,3130,3
500,3191,4
500,0,18
500,41,15
500,51,33
500,61,1
500,1005,9
500,1120,10
500,611,21
501,5916,3
501,5900,6
501,0,16
501,41,15
501,51,31
501,61,1
501,1005,9
501,1120,10
501,611,16
501,711,24
502,2002,11
502,2150,4
502,2151,5
502,2229,5
502,2805,5
502,1005,7
502,711,18
503,5916,3
503,5900,6
503,0,16
503,41,15
503,51,31
503,61,1
503,1005,9
503,1120,10
503,611,16
503,711,24
504,4000,1
504,4069,1
504,40691,1
504,4118,1
504,41181,1
504,0,16
504,41,17
504,51,31
504,1005,9
504,711,18
505,5916,3
505,5900,6
505,0,16
505,41,15
505,51,31
505,61,1
505,1005,9
505,1120,10
505,611,16
505,711,24
506,5919,2
506,5937,4
506,0,16
506,41,11
506,51,33
506,61,1
506,71,15
506,1015,9
506,1016,1
506,1120,10
506,611,2
506,711,24
507,5918,11
507,5688,7
507,5690,6
507,0,18
507,41,11
507,51,33
507,61,30
507,1005,9
507,611,3
507,711,24
508,2002,11
508,2150,4
508,2151,5
508,2229,5
508,2805,5
508,1005,7
508,711,18
509,5918,11
509,5688,7
509,5690,6
509,0,18
509,41,11
509,51,33
509,61,30
509,1005,9
509,611,3
509,711,24
510,5918,11
510,5688,7
510,5690,6
510,0,18
510,41,11
510,51,33
510,61,30
510,1005,11
510,611,2
510,711,27
511,5918,11
511,5688,7
511,5690,6
511,0,18
511,41,11
511,51,33
511,61,30
511,1005,16
511,611,3
511,711,25
512,3390,1
512,3119,5
512,3130,3
512,3191,4
512,0,18
512,41,15
512,51,33
512,61,1
512,1005,16
512,1120,10
512,611,21
513,2002,11
513,2150,4
513,2151,5
513,2229,5
513,2805,5
513,1005,7
513,711,25
514,5914,1
514,5676,1
514,0,18
514,41,11
514,51,29
514,61,1
514,1005,16
514,1120,10
514,611,21
514,711,27
515,2002,11
515,2150,4
515,2151,5
515,2229,5
515,2805,5
515,1005,7
515,711,25
516,5916,3
516,5900,6
516,0,18
516,41,15
516,51,29
516,61,1
516,1005,16
516,1120,10
516,611,16
516,711,26
517,3390,1
517,3119,5
517,3130,3
517,3191,4
517,0,18
517,41,15
517,51,33
517,61,1
517,1005,16
517,1120,10
517,611,21
518,5916,3
518,5900,6
518,0,18
518,41,15
518,51,29
518,61,1
518,1005,16
518,1120,10
518,611,16
518,711,26
519,3390,1
519,3119,5
519,3130,3
519,3191,4
519,0,18
519,41,15
519,51,33
519,61,1
519,1005,16
519,1120,10
519,611,21
520,5914,1
520,5676,1
520,0,18
520,41,12
520,51,29
520,61,1
520,1005,16
520,1120,10
520,611,21
520,711,27
521,5919,2
521,5937,4
521,0,18
521,41,12
521,51,29
521,61,3
521,1015,9
521,1016,1
521,1120,10
521,611,2
521,711,27
522,3390,1
522,3119,6
522,3130,3
522,3191,4
522,0,18
522,41,15
522,51,33
522,61,3
522,1005,16
522,1120,10
522,611,21
523,3390,1
523,3119,6
523,3130,3
523,3191,4
523,0,18
523,41,15
523,51,33
523,61,3
523,1005,16
523,1120,10
523,611,21
524,5919,2
524,5937,4
524,0,18
524,41,12
524,51,29
524,61,3
524,1015,9
524,1016,1
524,1120,10
524,611,2
524,711,27
525,5916,3
525,5900,6
525,0,18
525,41,15
525,51,29
525,61,3
525,1005,16
525,1120,10
525,611,16
525,711,26
526,4000,1
526,4575,1
526,4588,1
526,45881,1
526,4590,1
526,45901,3
526,0,18
526,41,15
526,71,12
526,1005,17
526,1006,14
526,711,28
527,5915,2
527,5900,6
527,0,18
527,41,15
527,51,33
527,61,3
527,71,12
527,1005,16
527,1120,10
527,611,16
527,711,26
528,3390,1
528,3119,6
528,3130,3
528,3191,4
528,0,18
528,41,15
528,51,33
528,61,3
528,1005,16
528,1120,10
528,611,21
529,2002,11
529,2150,4
529,2151,5
529,2229,5
529,2805,5
529,1005,7
529,711,25
530,3390,1
530,3119,6
530,3130,3
530,3191,4
530,0,18
530,41,15
530,51,33
530,61,3
530,1005,16
530,1120,10
530,611,21
531,2002,11
531,2150,4
531,2151,5
531,2229,5
531,2805,5
531,1005,7
531,711,25
532,2002,11
532,2150,4
532,2151,5
532,2229,5
532,2805,5
532,1005,7
532,711,25
533,5919,2
533,5937,4
533,0,18
533,41,12
533,51,33
533,61,3
533,71,12
533,1015,9
533,1016,1
533,1120,10
533,611,2
533,711,27
534,5919,2
534,5937,4
534,0,18
534,41,12
534,51,33
534,61,3
534,71,12
534,1015,9
534,1016,1
534,1120,10
534,611,2
534,711,27
535,5919,2
535,5937,4
535,0,18
535,41,12
535,51,33
535,61,3
535,71,12
535,1015,9
535,1016,1
535,1120,13
535,611,2
535,711,25
536,3390,1
536,3119,6
536,3130,4
536,3191,4
536,0,18
536,41,12
536,51,34
536,61,3
536,1005,17
536,1120,13
536,611,21
537,5915,2
537,5900,6
537,0,19
537,41,15
537,51,35
537,61,3
537,71,12
537,1005,16
537,1120,13
537,611,3
537,711,10
538,5919,2
538,5937,4
538,0,19
538,41,12
538,51,35
538,61,3
538,71,12
538,1015,9
538,1016,5
538,1120,13
538,611,2
538,711,22
539,5919,2
539,5937,4
539,0,19
539,41,12
539,51,35
539,61,3
539,71,12
539,1015,9
539,1016,13
539,1120,13
539,611,2
539,711,22
540,2002,12
540,2150,4
540,2151,5
540,2229,5
540,2805,5
540,1005,7
540,711,25
541,2002,12
541,2150,4
541,2151,5
541,2229,5
541,2805,5
541,1005,7
541,711,25
542,2002,12
542,2150,4
542,2151,5
542,2229,5
542,2805,5
542,1005,7
542,711,25
543,5916,3
543,5900,6
543,0,19
543,41,16
543,51,35
543,61,3
543,71,12
543,1005,16
543,1120,13
543,611,3
543,711,10
544,2002,12
544,2150,4
544,2151,5
544,2229,5
544,2805,5
544,1005,7
544,711,25
545,4000,1
545,4069,1
545,40691,1
545,4118,1
545,41181,1
545,0,19
545,41,17
545,51,35
545,71,13
545,1005,16
545,711,25
546,5916,3
546,5900,6
546,0,19
546,41,16
546,51,35
546,61,3
546,71,13
546,1005,16
546,1120,13
546,611,3
546,711,10
547,2002,12
547,2150,4
547,2151,5
547,2229,5
547,2805,5
547,1005,7
547,711,25
548,5916,3
548,5900,6
548,0,19
548,41,16
548,51,35
548,61,3
548,71,13
548,1005,16
548,1120,13
548,611,3
548,711,25
549,5914,1
549,5676,1
549,0,19
549,41,12
549,51,35
549,61,3
549,71,13
549,1005,16
549,1120,17
549,611,3
549,711,25
550,6013,1
550,6010,1
550,60101,1
550,6012,1
550,60121,1
550,0,19
550,41,25
550,1005,16
550,1006,9
550,711,32
551,3390,1
551,3119,6
551,3130,4
551,3191,4
551,0,19
551,41,12
551,51,35
551,61,3
551,1005,17
551,1120,17
551,611,22
552,5919,2
552,5937,4
552,0,19
552,41,12
552,51,35
552,61,4
552,71,13
552,1015,10
552,1016,13
552,1120,2
552,611,15
552,711,25
553,5919,2
553,5937,4
553,0,19
553,41,12
553,51,35
553,61,4
553,71,13
553,1015,10
553,1016,13
553,1120,2
553,611,15
553,711,25
554,5916,3
554,5900,6
554,0,19
554,41,16
554,51,35
554,61,4
554,71,13
554,1005,16
554,1120,17
554,611,15
554,711,26
555,2002,12
555,2150,7
555,2229,6
555,2805,6
555,1005,16
555,711,26
556,5914,1
556,5676,1
556,0,19
556,41,12
556,51,35
556,61,4
556,71,13
556,1005,16
556,1120,17
556,611,15
556,711,27
557,2002,12
557,2150,7
557,2229,6
557,2805,6
557,1005,16
557,711,26
558,5919,2
558,5937,4
558,0,19
558,41,12
558,51,35
558,61,4
558,71,13
558,1015,10
558,1016,13
558,1120,2
558,611,15
558,711,27
559,5919,2
559,5937,4
559,0,19
559,41,12
559,51,35
559,61,4
559,71,13
559,1015,10
559,1016,13
559,1120,2
559,611,15
559,711,27
560,5916,3
560,5900,6
560,0,19
560,41,16
560,51,35
560,61,4
560,71,13
560,1005,16
560,1120,17
560,611,15
560,711,26
561,5916,3
561,5900,6
561,0,19
561,41,16
561,51,35
561,61,4
561,71,13
561,1005,16
561,1120,17
561,611,15
561,711,26
562,2002,12
562,2150,7
562,2229,6
562,2805,6
562,1005,16
562,711,26
563,3390,1
563,3119,6
563,3130,4
563,3191,7
563,0,19
563,41,12
563,51,35
563,61,4
563,1005,17
563,1120,20
563,611,22
564,3602,1
564,3618,2
564,3623,1
564,3805,2
564,0,19
564,41,17
564,1005,16
564,1120,19
565,5916,3
565,5900,6
565,0,19
565,41,16
565,51,35
565,61,4
565,71,13
565,1005,16
565,1120,17
565,611,15
565,711,26
566,5919,2
566,5937,4
566,0,19
566,41,12
566,51,35
566,61,4
566,71,13
566,1015,10
566,1016,13
566,1120,2
566,611,15
566,711,27
567,5919,2
567,5937,4
567,0,19
567,41,12
567,51,35
567,61,4
567,71,13
567,1015,10
567,1016,13
567,1120,2
567,611,15
567,711,27
568,2002,12
568,2150,7
568,2229,6
568,2805,6
568,1005,18
568,711,27
569,5914,1
569,5676,1
569,0,19
569,41,12
569,51,35
569,61,4
569,71,13
569,1005,17
569,1120,2
569,611,22
569,711,27
570,5919,2
570,5937,4
570,0,19
570,41,12
570,51,35
570,61,4
570,71,13
570,1015,10
570,1016,13
570,1120,2
570,611,15
570,711,27
571,6013,1
571,6010,1
571,60101,1
571,6012,1
571,60121,1
571,0,20
571,41,25
571,1005,17
571,1006,14
571,711,33
572,2002,12
572,2150,7
572,2229,6
572,2805,6
572,1005,23
572,711,26
573,5915,2
573,5900,6
573,0,20
573,41,16
573,51,36
573,61,4
573,71,13
573,1005,17
573,1120,2
573,611,16
573,711,26
574,5914,1
574,5676,1
574,0,20
574,41,12
574,51,36
574,61,21
574,71,15
574,1005,7
574,1120,2
574,611,15
574,711,27
575,5919,2
575,5937,4
575,0,20
575,41,12
575,61,21
575,71,15
575,1015,4
575,1016,1
575,1120,2
575,611,15
575,711,27
576,5915,2
576,5900,6
576,0,20
576,41,16
576,51,36
576,61,21
576,71,15
576,1005,7
576,1120,2
576,611,15
576,711,26
577,5916,4
577,5900,6
577,0,20
577,41,16
577,51,36
577,61,21
577,71,15
577,1005,7
577,1120,2
577,611,15
577,711,26
578,5919,2
578,5937,4
578,0,20
578,41,12
578,61,22
578,71,15
578,1015,4
578,1016,1
578,1120,2
578,611,15
578,711,27
579,5914,1
579,5676,1
579,0,20
579,41,12
579,51,36
579,61,22
579,71,15
579,1005,7
579,1120,12
579,611,15
579,711,27
580,2002,12
580,2150,7
580,2229,6
580,2805,6
580,1005,23
580,711,26
581,4000,1
581,4069,2
581,40691,2
581,41181,2
581,0,20
581,41,12
581,51,36
581,71,13
581,1005,7
581,711,28
582,2002,12
582,2150,7
582,2229,6
582,2805,6
582,1005,23
582,711,26
583,3390,1
583,3119,6
583,3130,4
583,3191,7
583,0,20
583,41,12
583,61,22
583,1005,7
583,1120,20
583,611,21
584,3390,1
584,3119,6
584,3130,4
584,3191,7
584,0,20
584,41,12
584,61,22
584,1005,17
584,1120,6
584,611,21
585,5914,1
585,5676,1
585,0,20
585,41,12
585,51,36
585,61,22
585,71,15
585,1005,17
585,1120,6
585,611,2
585,711,28
586,5914,1
586,5676,1
586,0,20
586,41,12
586,51,36
586,61,22
586,71,15
586,1005,17
586,1120,6
586,611,2
586,711,28
587,2002,12
587,2150,7
587,2229,6
587,2805,6
587,1005,23
587,711,26
588,7275,2
588,7200,1
588,72001,1
588,7202,1
588,7253,1
588,72531,2
588,7254,1
588,7276,1
588,0,20
588,61,22
588,1006,13
588,611,21
589,2002,12
589,2150,7
589,2229,6
589,2805,6
589,1005,23
589,711,26
590,5919,2
590,5937,4
590,0,20
590,41,16
590,51,14
590,61,22
590,71,17
590,1015,4
590,1016,4
590,1120,12
590,611,21
590,711,28
591,5919,2
591,5937,4
591,0,20
591,41,16
591,51,14
591,61,22
591,71,17
591,1015,4
591,1016,4
591,1120,12
591,611,21
591,711,28
592,5919,2
592,5937,4
592,0,20
592,41,16
592,51,14
592,61,22
592,71,17
592,1015,4
592,1016,4
592,1120,12
592,611,21
592,711,28
593,5916,4
593,5900,6
593,0,20
593,41,16
593,51,36
593,61,22
593,71,17
593,1005,17
593,1120,6
593,611,2
593,711,26
594,5916,4
594,5900,6
594,0,20
594,41,16
594,51,36
594,61,22
594,71,17
594,1005,17
594,1120,6
594,611,2
594,711,28
595,3602,1
595,3618,2
595,3623,1
595,3805,2
595,0,20
595,41,17
595,1005,23
595,1120,19
596,5919,5
596,5937,4
596,0,20
596,41,16
596,51,14
596,61,22
596,71,17
596,1015,4
596,1016,4
596,1120,12
596,611,21
596,711,28
597,3390,1
597,3119,6
597,3130,4
597,3191,7
597,0,20
597,41,16
597,51,14
597,61,22
597,1005,17
597,1120,6
597,611,21
598,3874,1
598,3859,1
598,3873,1
598,0,20
598,41,16
598,1006,9
598,1120,4
599,7275,2
599,7200,1
599,72001,1
599,7202,1
599,7253,1
599,72531,2
599,7254,1
599,7276,1
599,0,20
599,61,22
599,1006,13
599,611,21
600,2002,12
600,2150,7
600,2229,6
600,2805,6
600,1005,23
600,711,29
601,2002,12
601,2150,7
601,2229,6
601,2805,6
601,1005,23
601,711,29
602,7275,2
602,7200,1
602,72001,1
602,7202,1
602,7253,1
602,72531,2
602,7254,1
602,7276,1
602,0,20
602,61,22
602,1006,13
602,611,21
603,5919,5
603,5937,4
603,0,20
603,41,16
603,51,14
603,61,22
603,71,17
603,1015,4
603,1016,4
603,1120,12
603,611,21
603,711,28
604,5915,2
604,5900,6
604,0,20
604,41,16
604,51,36
604,61,22
604,71,17
604,1005,17
604,1120,6
604,611,2
604,711,28
605,5916,4
605,5900,6
605,0,20
605,41,16
605,51,36
605,61,22
605,71,17
605,1005,17
605,1120,6
605,611,2
605,711,28
606,3390,1
606,3119,6
606,3130,4
606,3191,7
606,0,21
606,41,16
606,51,14
606,61,22
606,1005,17
606,1120,6
606,611,22
607,2002,12
607,2150,7
607,2229,6
607,2805,6
607,1005,23
607,711,29
608,3390,1
608,3119,6
608,3130,4
608,3191,7
608,0,21
608,41,16
608,51,14
608,61,22
608,1005,17
608,1120,6
608,611,22
609,5916,4
609,5900,6
609,0,21
609,41,16
609,51,34
609,61,22
609,71,17
609,1005,17
609,1120,6
609,611,2
609,711,28
610,5915,2
610,5900,6
610,0,21
610,41,16
610,51,34
610,61,22
610,71,17
610,1005,17
610,1120,6
610,611,2
610,711,28
611,4000,1
611,4575,1
611,4588,1
611,45881,1
611,4590,1
611,45901,3
611,0,21
611,41,16
611,71,13
611,1005,17
611,1006,18
611,711,28
612,3390,1
612,3119,6
612,3130,4
612,3191,7
612,0,21
612,41,16
612,51,14
612,61,22
612,1005,17
612,1120,6
612,611,22
613,5914,1
613,5676,1
613,0,21
613,41,17
613,51,14
613,61,22
613,71,17
613,1005,17
613,1120,6
613,611,2
613,711,31
614,2002,12
614,2150,7
614,2229,6
614,2805,6
614,1005,23
614,711,29
615,6013,1
615,6010,1
615,60101,1
615,6012,1
615,60121,1
615,0,21
615,41,25
615,1005,17
615,1006,17
615,711,31
616,2002,13
616,2150,7
616,2229,6
616,2805,6
616,1005,23
616,711,29
617,3390,1
617,3119,6
617,3130,4
617,3191,7
617,0,21
617,41,16
617,51,14
617,61,22
617,1005,17
617,1120,6
617,611,22
618,2002,13
618,2150,7
618,2229,6
618,2805,6
618,1005,23
618,711,29
619,5919,5
619,5937,4
619,0,21
619,41,16
619,51,14
619,61,22
619,71,17
619,1015,4
619,1016,4
619,1120,12
619,611,22
619,711,28
620,5919,5
620,5937,4
620,0,21
620,41,16
620,51,14
620,61,22
620,71,17
620,1015,7
620,1016,4
620,1120,12
620,611,1
620,711,28
621,4000,1
621,4575,1
621,4588,1
621,45881,1
621,4590,1
621,45901,3
621,0,21
621,41,17
621,71,13
621,1005,17
621,1006,3
621,711,30
622,5914,1
622,5676,2
622,0,24
622,41,17
622,51,15
622,61,23
622,71,17
622,1005,17
622,1120,6
622,611,2
622,711,31
623,3390,1
623,3119,6
623,3130,4
623,3191,7
623,0,21
623,41,21
623,51,15
623,61,23
623,1005,17
623,1120,6
623,611,22
624,2002,13
624,2150,7
624,2229,6
624,2805,6
624,1005,23
624,711,29
625,7275,2
625,7200,1
625,72001,1
625,7202,1
625,7253,1
625,72531,2
625,7254,1
625,7276,1
625,0,21
625,61,23
625,1006,27
625,611,23
626,5916,4
626,5900,6
626,0,21
626,41,17
626,51,34
626,61,23
626,71,17
626,1005,17
626,1120,6
626,611,2
626,711,33
627,3390,1
627,3119,6
627,3130,4
627,3191,7
627,0,21
627,41,21
627,51,15
627,61,23
627,1005,17
627,1120,6
627,611,22
628,2002,13
628,2150,7
628,2229,6
628,2805,6
628,1005,23
628,711,29
629,5919,5
629,5937,4
629,0,21
629,41,17
629,51,15
629,61,23
629,71,17
629,1015,7
629,1016,4
629,1120,12
629,611,1
629,711,31
630,4000,1
630,4069,2
630,40691,2
630,41181,2
630,0,21
630,41,17
630,51,15
630,71,13
630,1005,21
630,711,30
631,3390,1
631,3119,6
631,3130,4
631,3191,7
631,0,21
631,41,21
631,51,15
631,61,23
631,1005,17
631,1120,6
631,611,22
632,5919,5
632,5937,4
632,0,21
632,41,17
632,51,15
632,61,23
632,71,17
632,1015,7
632,1016,8
632,1120,12
632,611,22
632,711,31
633,5914,1
633,5676,2
633,0,24
633,41,17
633,51,15
633,61,23
633,71,17
633,1005,21
633,1120,12
633,611,21
633,711,31
634,2002,13
634,2150,7
634,2229,6
634,2805,6
634,1005,23
634,711,29
635,5914,1
635,5676,2
635,0,24
635,41,17
635,51,15
635,61,23
635,71,17
635,1005,21
635,1120,12
635,611,21
635,711,31
636,5915,2
636,5900,6
636,0,21
636,41,17
636,51,34
636,61,23
636,71,17
636,1005,21
636,1120,12
636,611,16
636,711,33
637,2002,13
637,2150,7
637,2229,6
637,2805,6
637,1005,23
637,711,29
638,2002,13
638,2150,7
638,2229,6
638,2805,6
638,1005,23
638,711,29
639,5919,5
639,5937,4
639,0,21
639,41,17
639,51,15
639,61,23
639,71,17
639,1015,7
639,1016,8
639,1120,12
639,611,22
639,711,31
640,5919,5
640,5937,4
640,0,21
640,41,17
640,51,15
640,61,23
640,71,17
640,1015,7
640,1016,8
640,1120,12
640,611,22
640,711,31
641,2002,13
641,2150,7
641,2229,6
641,2805,6
641,1005,23
641,711,29
642,3390,1
642,3119,6
642,3130,4
642,3191,7
642,0,21
642,41,21
642,51,15
642,61,23
642,1005,21
642,1120,20
642,611,22
643,3390,1
643,3119,6
643,3130,4
643,3191,7
643,0,21
643,41,21
643,51,15
643,61,23
643,1005,21
643,1120,20
643,611,22
644,3602,1
644,3618,2
644,3623,1
644,3805,2
644,0,21
644,41,17
644,1005,23
644,1120,19
645,3390,1
645,3119,6
645,3130,4
645,3191,7
645,0,22
645,41,21
645,51,15
645,61,27
645,1005,21
645,1120,20
645,611,22
646,4000,1
646,4575,1
646,4588,1
646,45881,1
646,4590,1
646,45901,3
646,0,22
646,41,17
646,71,13
646,1005,26
646,1006,18
646,711,30
647,2002,13
647,2150,7
647,2229,6
647,2805,6
647,1005,23
647,711,29
648,5919,5
648,5937,5
648,0,22
648,41,19
648,51,15
648,61,27
648,71,13
648,1015,6
648,1016,2
648,1120,6
648,611,2
648,711,31
649,5915,2
649,5900,6
649,0,22
649,41,19
649,51,34
649,61,27
649,71,13
649,1005,21
649,1120,12
649,611,16
649,711,33
650,6013,1
650,6010,1
650,60101,1
650,6012,1
650,60121,1
650,0,22
650,41,25
650,1005,23
650,1006,9
650,711,31
651,5919,5
651,5937,5
651,0,22
651,41,19
651,51,15
651,61,27
651,71,13
651,1015,6
651,1016,2
651,1120,6
651,611,2
651,711,31
652,6013,1
652,6010,1
652,60101,1
652,6012,1
652,60121,1
652,0,22
652,41,25
652,1005,23
652,1006,9
652,711,31
653,2002,13
653,2150,7
653,2229,6
653,2805,6
653,1005,23
653,711,29
654,2002,13
654,2150,7
654,2229,6
654,2805,6
654,1005,23
654,711,29
655,5915,2
655,5900,6
655,0,22
655,41,19
655,51,34
655,61,27
655,71,13
655,1005,21
655,1120,12
655,611,16
655,711,33
656,5916,4
656,5900,9
656,0,22
656,41,19
656,51,15
656,61,27
656,71,13
656,1005,21
656,1120,19
656,611,14
656,711,31
657,5919,5
657,5937,5
657,0,22
657,41,19
657,51,15
657,61,27
657,71,13
657,1015,6
657,1016,2
657,1120,6
657,611,2
657,711,31
658,3390,1
658,3119,6
658,3130,4
658,3191,7
658,0,22
658,41,21
658,51,15
658,61,30
658,1005,21
658,1120,20
658,611,27
659,3602,1
659,3618,2
659,3623,1
659,3805,2
659,0,22
659,41,19
659,1005,23
659,1120,19
660,5914,1
660,5676,2
660,0,24
660,41,19
660,51,15
660,61,33
660,71,13
660,1005,21
660,1120,12
660,611,24
660,711,30
661,2002,13
661,2150,7
661,2229,6
661,2805,6
661,1005,23
661,711,29
662,2002,13
662,2150,7
662,2229,6
662,2805,6
662,1005,23
662,711,29
663,3390,1
663,3119,8
663,3130,4
663,3191,7
663,0,22
663,41,21
663,51,15
663,61,30
663,1005,21
663,1120,20
663,611,23
664,3390,1
664,3119,8
664,3130,4
664,3191,7
664,0,22
664,41,21
664,51,15
664,61,30
664,1005,21
664,1120,20
664,611,23
665,5914,1
665,5676,2
665,0,24
665,41,19
665,51,15
665,61,33
665,71,13
665,1005,21
665,1120,12
665,611,24
665,711,30
666,5916,4
666,5900,9
666,0,22
666,41,19
666,51,15
666,61,30
666,71,13
666,1005,21
666,1120,19
666,611,14
666,711,30
667,5914,1
667,5676,2
667,0,24
667,41,19
667,51,15
667,61,33
667,71,13
667,1005,21
667,1120,12
667,611,24
667,711,30
668,5919,5
668,5937,5
668,0,22
668,41,19
668,51,34
668,61,30
668,71,17
668,1015,3
668,1016,2
668,1120,4
668,611,1
668,711,21
669,5914,1
669,5676,2
669,0,24
669,41,19
669,51,34
669,61,33
669,71,17
669,1005,21
669,1120,4
669,611,2
669,711,21
670,4000,1
670,4069,2
670,40691,2
670,41181,2
670,0,22
670,41,19
670,51,34
670,71,17
670,1005,21
670,711,21
671,5919,5
671,5937,5
671,0,22
671,41,19
671,51,34
671,61,30
671,71,17
671,1015,3
671,1016,2
671,1120,4
671,611,1
671,711,21
672,5916,4
672,5900,9
672,0,22
672,41,19
672,51,34
672,61,30
672,71,17
672,1005,21
672,1120,4
672,611,14
672,711,21
673,5914,1
673,5676,2
673,0,24
673,41,19
673,51,34
673,61,33
673,71,17
673,1005,21
673,1120,4
673,611,2
673,711,21
674,6013,1
674,6010,1
674,60101,1
674,6012,1
674,60121,1
674,0,22
674,41,25
674,1005,23
674,1006,9
674,711,31
675,3602,1
675,3618,2
675,3623,1
675,3805,2
675,0,22
675,41,19
675,1005,23
675,1120,19
676,5915,2
676,5900,9
676,0,22
676,41,19
676,51,34
676,61,31
676,71,17
676,1005,21
676,1120,4
676,611,14
676,711,21
677,3874,1
677,3859,1
677,3873,1
677,0,22
677,41,19
677,1006,9
677,1120,4
678,5916,4
678,5900,9
678,0,23
678,41,19
678,51,34
678,61,31
678,71,17
678,1005,21
678,1120,4
678,611,14
678,711,21
679,5919,5
679,5937,5
679,0,23
679,41,19
679,51,34
679,61,31
679,1015,3
679,1016,2
679,1120,4
679,611,1
679,711,21
680,4000,1
680,4069,2
680,40691,2
680,41181,2
680,0,23
680,41,19
680,51,34
680,1005,21
680,711,21
681,5915,2
681,5900,9
681,0,23
681,41,19
681,51,34
681,61,31
681,1005,21
681,1120,4
681,611,14
681,711,21
682,5915,2
682,5900,9
682,0,23
682,41,19
682,51,34
682,61,31
682,1005,21
682,1120,4
682,611,14
682,711,21
683,3390,1
683,3119,8
683,3130,4
683,3191,7
683,0,23
683,41,21
683,51,34
683,61,31
683,1005,21
683,1120,4
683,611,23
684,5919,5
684,5937,5
684,0,23
684,41,19
684,51,34
684,61,31
684,1015,3
684,1016,2
684,1120,4
684,611,1
684,711,21
685,3390,1
685,3119,8
685,3130,4
685,3191,7
685,0,23
685,41,21
685,51,34
685,61,31
685,1005,21
685,1120,4
685,611,23
686,5915,3
686,5900,9
686,0,23
686,41,19
686,51,34
686,61,31
686,1005,22
686,1120,4
686,611,14
686,711,21
687,3390,1
687,3119,8
687,3130,4
687,3191,7
687,0,23
687,41,21
687,51,34
687,61,31
687,1005,22
687,1120,4
687,611,23
688,7275,2
688,7200,1
688,72001,1
688,7202,1
688,7253,1
688,72531,2
688,7254,1
688,7276,1
688,0,23
688,61,37
688,1006,23
688,611,23
689,5914,1
689,5676,2
689,0,24
689,41,20
689,51,34
689,61,33
689,1005,22
689,1120,4
689,611,2
689,711,21
690,3390,1
690,3119,8
690,3130,4
690,3191,8
690,0,23
690,41,20
690,61,31
690,1005,22
690,1120,4
690,611,23
691,3390,1
691,3119,8
691,3130,4
691,3191,8
691,0,23
691,41,20
691,61,31
691,1005,22
691,1120,8
691,611,23
692,5916,4
692,5900,9
692,0,23
692,41,20
692,51,36
692,61,31
692,1005,22
692,1120,8
692,611,14
692,711,21
693,5916,4
693,5900,9
693,0,23
693,41,20
693,51,36
693,61,31
693,1005,22
693,1120,8
693,611,14
693,711,21
694,3390,1
694,3119,8
694,3130,4
694,3191,8
694,0,23
694,41,20
694,61,31
694,1005,22
694,1120,8
694,611,23
695,5916,4
695,5900,9
695,0,23
695,41,20
695,51,36
695,61,31
695,1005,22
695,1120,8
695,611,14
695,711,21
696,5919,5
696,5937,5
696,0,23
696,41,20
696,51,36
696,61,31
696,1015,3
696,1016,3
696,1120,6
696,611,4
696,711,29
697,5919,5
697,5937,5
697,0,23
697,41,20
697,51,36
697,61,31
697,1015,3
697,1016,7
697,1120,8
697,611,1
697,711,29
698,5919,5
698,5937,5
698,0,23
698,41,20
698,51,36
698,61,31
698,1015,3
698,1016,7
698,1120,8
698,611,1
698,711,29
699,3874,1
699,3859,1
699,3873,1
699,0,23
699,41,20
699,1006,9
699,1120,8
700,5914,1
700,5676,2
700,0,24
700,41,20
700,51,36
700,61,37
700,1005,22
700,1120,8
700,611,14
700,711,30
701,5915,3
701,5900,9
701,0,23
701,41,20
701,51,36
701,61,31
701,1005,22
701,1120,8
701,611,14
701,711,30
702,5914,1
702,5676,2
702,0,24
702,41,20
702,51,36
702,61,37
702,1005,22
702,1120,8
702,611,14
702,711,30
703,5915,3
703,5900,9
703,0,23
703,41,20
703,51,36
703,61,31
703,1005,22
703,1120,8
703,611,14
703,711,30
704,4000,1
704,4575,1
704,4588,1
704,45881,1
704,4590,1
704,45901,3
704,0,23
704,41,20
704,1005,26
704,1006,18
704,711,30
705,4000,1
705,4575,1
705,4588,1
705,45881,1
705,4590,1
705,45901,3
705,0,23
705,41,20
705,1005,26
705,1006,18
705,711,30
706,3390,1
706,3119,8
706,3130,5
706,3191,8
706,0,23
706,41,20
706,61,31
706,1005,22
706,1120,8
706,611,14
707,5919,5
707,5937,5
707,0,23
707,41,20
707,51,36
707,61,31
707,1015,3
707,1016,7
707,1120,8
707,611,1
707,711,30
708,4000,1
708,4069,2
708,40691,2
708,41181,2
708,0,23
708,41,20
708,51,36
708,1005,22
708,711,30
709,3874,1
709,3859,1
709,3873,1
709,0,24
709,41,20
709,1006,9
709,1120,8
710,3390,1
710,3119,8
710,3130,5
710,3191,8
710,0,24
710,41,20
710,61,37
710,1005,22
710,1120,8
710,611,14
711,5916,4
711,5900,9
711,0,24
711,41,20
711,51,36
711,61,37
711,1005,22
711,1120,8
711,611,14
711,711,30
712,7275,2
712,7200,1
712,72001,1
712,7202,1
712,7253,1
712,72531,2
712,7254,1
712,7276,1
712,61,37
712,1006,14
712,611,23
713,3874,1
713,3859,1
713,3873,1
713,0,24
713,41,20
713,1006,12
713,1120,19
714,5914,1
714,5676,2
714,0,24
714,41,20
714,61,33
714,1005,22
714,1120,8
714,611,14
714,711,30
715,5919,5
715,5937,5
715,0,24
715,41,20
715,61,33
715,1015,7
715,1016,8
715,1120,8
715,611,14
715,711,30
716,5914,1
716,5676,2
716,0,24
716,41,20
716,61,33
716,1005,22
716,1120,8
716,611,14
716,711,30
717,5919,5
717,5937,5
717,0,24
717,41,20
717,61,33
717,1015,7
717,1016,8
717,1120,8
717,611,14
717,711,30
718,6013,1
718,6010,1
718,60101,1
718,6012,1
718,60121,1
718,0,24
718,41,25
718,1005,23
718,1006,14
718,711,31
719,5919,5
719,5937,5
719,0,24
719,41,20
719,61,33
719,1015,7
719,1016,8
719,1120,8
719,611,14
719,711,31
720,4000,1
720,4575,1
720,4588,1
720,45881,1
720,4590,1
720,45901,3
720,0,25
720,41,20
720,1005,26
720,1006,14
720,711,31
721,5915,3
721,5900,9
721,0,24
721,41,21
721,61,33
721,1005,22
721,1120,8
721,611,14
721,711,28
722,6013,1
722,6010,1
722,60101,1
722,6012,1
722,60121,1
722,0,24
722,41,25
722,1005,25
722,1006,14
722,711,33
723,2002,13
723,2150,7
723,2229,6
723,2805,6
723,1005,25
723,711,32
724,6013,1
724,6010,1
724,60101,1
724,6012,1
724,60121,1
724,0,25
724,41,25
724,1005,25
724,1006,14
724,711,33
725,3874,1
725,3859,1
725,3873,1
725,0,25
725,41,21
725,1006,12
725,1120,17
726,7275,2
726,7200,1
726,72001,1
726,7202,1
726,7253,1
726,72531,2
726,7254,1
726,7276,1
726,61,37
726,1006,14
726,611,23
727,5914,1
727,5676,2
727,0,25
727,41,21
727,61,32
727,1005,22
727,1120,8
727,611,14
727,711,28
728,3390,1
728,3119,8
728,3130,5
728,3191,8
728,41,21
728,61,32
728,1005,22
728,1120,8
728,611,14
729,3390,1
729,3119,8
729,3130,5
729,3191,8
729,41,21
729,61,32
729,1005,22
729,1120,8
729,611,23
730,5916,4
730,5900,9
730,0,25
730,41,21
730,61,32
730,1005,22
730,1120,17
730,611,4
730,711,32
731,5915,3
731,5900,9
731,0,25
731,41,21
731,61,32
731,1005,22
731,1120,17
731,611,4
731,711,32
732,3390,1
732,3119,8
732,3130,5
732,3191,8
732,41,21
732,61,32
732,1005,22
732,1120,12
732,611,4
733,5915,3
733,5900,9
733,0,25
733,41,21
733,61,32
733,1005,22
733,1120,17
733,611,4
733,711,32
734,2002,13
734,2150,7
734,2229,6
734,2805,6
734,1005,25
734,711,32
735,5914,1
735,5676,2
735,0,25
735,41,21
735,61,32
735,1005,22
735,1120,12
735,611,4
735,711,32
736,5915,3
736,5900,11
736,0,25
736,41,21
736,61,32
736,1005,22
736,1120,12
736,611,4
736,711,32
737,5916,4
737,5900,11
737,0,25
737,41,21
737,61,32
737,1005,22
737,1120,12
737,611,4
737,711,32
738,4000,2
738,4069,2
738,40691,2
738,41181,2
738,0,25
738,41,21
738,1005,25
738,711,32
739,3390,1
739,3119,8
739,3130,5
739,3191,8
739,41,21
739,61,32
739,1005,25
739,1120,6
739,611,4
740,5919,5
740,5937,5
740,0,25
740,41,22
740,61,32
740,1015,8
740,1016,7
740,1120,12
740,611,1
740,711,32
741,5919,5
741,5937,5
741,0,25
741,41,22
741,61,32
741,1015,8
741,1016,7
741,1120,12
741,611,1
741,711,32
742,3602,1
742,3618,2
742,3623,1
742,3805,2
742,0,25
742,41,22
742,1005,25
742,1120,17
743,5919,5
743,5937,5
743,0,25
743,41,22
743,61,32
743,1015,8
743,1016,7
743,1120,12
743,611,1
743,711,32
744,3602,1
744,3618,2
744,3623,1
744,3805,2
744,0,25
744,41,22
744,1005,25
744,1120,17
745,5916,5
745,5900,11
745,0,25
745,41,21
745,61,32
745,1005,25
745,1120,7
745,611,4
745,711,32
746,6013,1
746,6010,1
746,60101,1
746,6012,1
746,60121,1
746,0,25
746,41,25
746,1005,25
746,1006,14
746,711,33
747,5914,1
747,5676,2
747,0,25
747,41,21
747,61,37
747,1005,25
747,1120,7
747,611,4
747,711,32
748,5003,1
748,81,1
748,82,4
748,83,7
748,84,10
749,4300,1
749,81,1
749,82,4
749,83,7
749,84,10
750,3000,1
750,81,1
750,82,4
750,83,7
750,84,10
751,3000,1
751,81,1
751,82,4
751,83,7
751,84,10
752,5002,1
752,81,1
752,82,4
752,83,7
752,84,10
753,5005,1
753,81,1
753,82,4
753,83,7
753,84,10
754,5003,1
754,81,1
754,82,4
754,83,7
754,84,10
755,5003,1
755,81,1
755,82,4
755,83,7
755,84,10
756,3000,1
756,81,1
756,82,4
756,83,7
756,84,10
757,5003,1
757,81,1
757,82,4
757,83,7
757,84,10
758,5002,1
758,81,1
758,82,4
758,83,7
758,84,10
759,3002,1
759,81,1
759,82,4
759,83,7
759,84,10
760,6000,1
760,81,1
760,82,4
760,83,7
760,84,10
761,5003,1
761,81,1
761,82,4
761,83,7
761,84,10
762,5005,1
762,81,1
762,82,4
762,83,7
762,84,10
763,2003,2
763,81,1
763,82,4
763,83,7
763,84,10
764,5001,1
764,81,1
764,82,4
764,83,7
764,84,10
765,3000,1
765,81,1
765,82,4
765,83,7
765,84,10
766,5005,1
766,81,2
766,82,5
766,83,8
766,84,11
767,5001,1
767,81,2
767,82,5
767,83,8
767,84,11
768,5002,1
768,81,2
768,82,5
768,83,8
768,84,11
769,6000,1
769,81,2
769,82,5
769,83,8
769,84,11
770,5003,1
770,81,2
770,82,5
770,83,8
770,84,11
771,6000,1
771,81,2
771,82,5
771,83,8
771,84,11
772,5003,1
772,81,2
772,82,5
772,83,8
772,84,11
773,4300,1
773,81,2
773,82,5
773,83,8
773,84,11
774,5005,1
774,81,2
774,82,5
774,83,8
774,84,11
775,5005,1
775,81,2
775,82,5
775,83,8
775,84,11
776,5003,1
776,81,2
776,82,5
776,83,8
776,84,11
777,5005,1
777,81,2
777,82,5
777,83,8
777,84,11
778,3000,1
778,81,2
778,82,5
778,83,8
778,84,11
779,5003,1
779,81,2
779,82,5
779,83,8
779,84,11
780,5005,1
780,81,2
780,82,5
780,83,8
780,84,11
781,5003,1
781,81,2
781,82,5
781,83,8
781,84,11
782,3000,1
782,81,2
782,82,5
782,83,8
782,84,11
783,6000,1
783,81,2
783,82,5
783,83,8
783,84,11
784,3870,1
784,81,3
784,82,6
784,83,9
784,84,12
785,2003,2
785,81,3
785,82,6
785,83,9
785,84,12
786,5005,1
786,81,3
786,82,6
786,83,9
786,84,12
787,3870,1
787,81,3
787,82,6
787,83,9
787,84,12
788,5001,1
788,81,3
788,82,6
788,83,9
788,84,12
789,5005,1
789,81,3
789,82,6
789,83,9
789,84,12
790,4300,1
790,81,3
790,82,6
790,83,9
790,84,12
791,5005,1
791,81,3
791,82,6
791,83,9
791,84,12
792,5002,1
792,81,3
792,82,6
792,83,9
792,84,12
793,5003,1
793,81,3
793,82,6
793,83,9
793,84,12
794,5003,1
794,81,3
794,82,6
794,83,9
794,84,12
795,5002,1
795,81,3
795,82,6
795,83,9
795,84,12
796,3000,1
796,81,3
796,82,6
796,83,9
796,84,12
797,6000,1
797,81,3
797,82,6
797,83,9
797,84,12
798,3000,1
798,81,3
798,82,6
798,83,9
798,84,12
799,5003,1
799,81,3
799,82,6
799,83,9
799,84,12
800,5001,1
800,81,3
800,82,6
800,83,9
800,84,12
801,5001,1
801,81,3
801,82,6
801,83,9
801,84,12
802,5003,1
802,81,4
802,82,1
802,83,10
802,84,7
803,2003,2
803,81,4
803,82,1
803,83,10
803,84,7
804,5002,1
804,81,4
804,82,1
804,83,10
804,84,7
805,5005,1
805,81,4
805,82,1
805,83,10
805,84,7
806,5003,1
806,81,4
806,82,1
806,83,10
806,84,7
807,5001,1
807,81,4
807,82,1
807,83,10
807,84,7
808,5003,1
808,81,4
808,82,1
808,83,10
808,84,7
809,5003,1
809,81,4
809,82,1
809,83,10
809,84,7
810,7000,2
810,81,4
810,82,1
810,83,10
810,84,7
811,5003,1
811,81,4
811,82,1
811,83,10
811,84,7
812,5002,1
812,81,4
812,82,1
812,83,10
812,84,7
813,5002,1
813,81,4
813,82,1
813,83,10
813,84,7
814,5001,1
814,81,4
814,82,1
814,83,10
814,84,7
815,3000,1
815,81,4
815,82,1
815,83,10
815,84,7
816,5001,1
816,81,4
816,82,1
816,83,10
816,84,7
817,3870,1
817,81,4
817,82,1
817,83,10
817,84,7
818,3000,1
818,81,4
818,82,1
818,83,10
818,84,7
819,6000,1
819,81,4
819,82,1
819,83,10
819,84,7
820,6000,1
820,81,5
820,82,2
820,83,11
820,84,8
821,4500,1
821,81,5
821,82,2
821,83,11
821,84,8
822,4300,1
822,81,5
822,82,2
822,83,11
822,84,8
823,6000,1
823,81,5
823,82,2
823,83,11
823,84,8
824,3000,1
824,81,5
824,82,2
824,83,11
824,84,8
825,5001,1
825,81,5
825,82,2
825,83,11
825,84,8
826,4500,1
826,81,5
826,82,2
826,83,11
826,84,8
827,5001,1
827,81,5
827,82,2
827,83,11
827,84,8
828,5001,1
828,81,5
828,82,2
828,83,11
828,84,8
829,4300,1
829,81,5
829,82,2
829,83,11
829,84,8
830,7000,2
830,81,5
830,82,2
830,83,11
830,84,8
831,5001,1
831,81,5
831,82,2
831,83,11
831,84,8
832,3000,1
832,81,5
832,82,2
832,83,11
832,84,8
833,5003,1
833,81,5
833,82,2
833,83,11
833,84,8
834,3000,1
834,81,5
834,82,2
834,83,11
834,84,8
835,5002,1
835,81,5
835,82,2
835,83,11
835,84,8
836,5005,1
836,81,5
836,82,2
836,83,11
836,84,8
837,3000,1
837,81,5
837,82,2
837,83,11
837,84,8
838,6000,1
838,81,6
838,82,3
838,83,12
838,84,9
839,3002,1
839,81,6
839,82,3
839,83,12
839,84,9
840,5001,1
840,81,6
840,82,3
840,83,12
840,84,9
841,4500,1
841,81,6
841,82,3
841,83,12
841,84,9
842,3000,1
842,81,6
842,82,3
842,83,12
842,84,9
843,6000,1
843,81,6
843,82,3
843,83,12
843,84,9
844,5001,1
844,81,6
844,82,3
844,83,12
844,84,9
845,7000,2
845,81,6
845,82,3
845,83,12
845,84,9
846,7000,2
846,81,6
846,82,3
846,83,12
846,84,9
847,6000,1
847,81,6
847,82,3
847,83,12
847,84,9
848,7000,2
848,81,6
848,82,3
848,83,12
848,84,9
849,6000,1
849,81,6
849,82,3
849,83,12
849,84,9
850,6000,1
850,81,6
850,82,3
850,83,12
850,84,9
851,6000,1
851,81,6
851,82,3
851,83,12
851,84,9
852,4300,1
852,81,6
852,82,3
852,83,12
852,84,9
853,2003,2
853,81,6
853,82,3
853,83,12
853,84,9
854,5002,1
854,81,6
854,82,3
854,83,12
854,84,9
855,3000,1
855,81,6
855,82,3
855,83,12
855,84,9
856,3000,1
856,81,7
856,82,10
856,83,1
856,84,4
857,5001,1
857,81,7
857,82,10
857,83,1
857,84,4
858,7000,2
858,81,7
858,82,10
858,83,1
858,84,4
859,2003,2
859,81,7
859,82,10
859,83,1
859,84,4
860,5001,1
860,81,7
860,82,10
860,83,1
860,84,4
861,3002,1
861,81,7
861,82,10
861,83,1
861,84,4
862,2003,2
862,81,7
862,82,10
862,83,1
862,84,4
863,6000,1
863,81,7
863,82,10
863,83,1
863,84,4
864,5002,1
864,81,7
864,82,10
864,83,1
864,84,4
865,2003,2
865,81,7
865,82,10
865,83,1
865,84,4
866,4500,1
866,81,7
866,82,10
866,83,1
866,84,4
867,5005,1
867,81,7
867,82,10
867,83,1
867,84,4
868,5002,1
868,81,7
868,82,10
868,83,1
868,84,4
869,5001,1
869,81,7
869,82,10
869,83,1
869,84,4
870,3000,1
870,81,7
870,82,10
870,83,1
870,84,4
871,6000,1
871,81,7
871,82,10
871,83,1
871,84,4
872,6000,1
872,81,7
872,82,10
872,83,1
872,84,4
873,4500,1
873,81,7
873,82,10
873,83,1
873,84,4
874,4500,1
874,81,8
874,82,11
874,83,2
874,84,5
875,4500,1
875,81,8
875,82,11
875,83,2
875,84,5
876,3000,1
876,81,8
876,82,11
876,83,2
876,84,5
877,4500,1
877,81,8
877,82,11
877,83,2
877,84,5
878,3000,1
878,81,8
878,82,11
878,83,2
878,84,5
879,3000,1
879,81,8
879,82,11
879,83,2
879,84,5
880,5001,1
880,81,8
880,82,11
880,83,2
880,84,5
881,5003,1
881,81,8
881,82,11
881,83,2
881,84,5
882,5002,1
882,81,8
882,82,11
882,83,2
882,84,5
883,6000,1
883,81,8
883,82,11
883,83,2
883,84,5
884,3000,1
884,81,8
884,82,11
884,83,2
884,84,5
885,6000,1
885,81,8
885,82,11
885,83,2
885,84,5
886,3000,1
886,81,8
886,82,11
886,83,2
886,84,5
887,6000,1
887,81,8
887,82,11
887,83,2
887,84,5
888,3000,1
888,81,8
888,82,11
888,83,2
888,84,5
889,6000,1
889,81,8
889,82,11
889,83,2
889,84,5
890,5005,1
890,81,8
890,82,11
890,83,2
890,84,5
891,5002,1
891,81,8
891,82,11
891,83,2
891,84,5
892,5001,1
892,81,9
892,82,12
892,83,3
892,84,6
893,5003,1
893,81,9
893,82,12
893,83,3
893,84,6
894,5001,1
894,81,9
894,82,12
894,83,3
894,84,6
895,7000,2
895,81,9
895,82,12
895,83,3
895,84,6
896,5003,1
896,81,9
896,82,12
896,83,3
896,84,6
897,6000,1
897,81,9
897,82,12
897,83,3
897,84,6
898,3000,1
898,81,9
898,82,12
898,83,3
898,84,6
899,6000,1
899,81,9
899,82,12
899,83,3
899,84,6
900,3002,1
900,81,9
900,82,12
900,83,3
900,84,6
901,6000,1
901,81,9
901,82,12
901,83,3
901,84,6
902,5003,1
902,81,9
902,82,12
902,83,3
902,84,6
903,5001,1
903,81,9
903,82,12
903,83,3
903,84,6
904,5001,1
904,81,9
904,82,12
904,83,3
904,84,6
905,6000,1
905,81,9
905,82,12
905,83,3
905,84,6
906,5002,1
906,81,9
906,82,12
906,83,3
906,84,6
907,6000,1
907,81,9
907,82,12
907,83,3
907,84,6
908,6000,1
908,81,9
908,82,12
908,83,3
908,84,6
909,3000,1
909,81,9
909,82,12
909,83,3
909,84,6
910,7000,2
910,81,10
910,82,7
910,83,4
910,84,1
911,4300,1
911,81,10
911,82,7
911,83,4
911,84,1
912,3002,1
912,81,10
912,82,7
912,83,4
912,84,1
913,3002,1
913,81,10
913,82,7
913,83,4
913,84,1
914,5002,1
914,81,10
914,82,7
914,83,4
914,84,1
915,3002,1
915,81,10
915,82,7
915,83,4
915,84,1
916,4500,1
916,81,10
916,82,7
916,83,4
916,84,1
917,5002,1
917,81,10
917,82,7
917,83,4
917,84,1
918,4300,1
918,81,10
918,82,7
918,83,4
918,84,1
919,3002,1
919,81,10
919,82,7
919,83,4
919,84,1
920,6000,1
920,81,10
920,82,7
920,83,4
920,84,1
921,3870,1
921,81,10
921,82,7
921,83,4
921,84,1
922,2003,2
922,81,10
922,82,7
922,83,4
922,84,1
923,5002,1
923,81,10
923,82,7
923,83,4
923,84,1
924,6000,1
924,81,10
924,82,7
924,83,4
924,84,1
925,6000,1
925,81,10
925,82,7
925,83,4
925,84,1
926,5001,1
926,81,10
926,82,7
926,83,4
926,84,1
927,3002,1
927,81,10
927,82,7
927,83,4
927,84,1
928,6000,1
928,81,11
928,82,8
928,83,5
928,84,2
929,3002,1
929,81,11
929,82,8
929,83,5
929,84,2
930,5003,1
930,81,11
930,82,8
930,83,5
930,84,2
931,7000,2
931,81,11
931,82,8
931,83,5
931,84,2
932,5003,1
932,81,11
932,82,8
932,83,5
932,84,2
933,4300,1
933,81,11
933,82,8
933,83,5
933,84,2
934,4500,1
934,81,11
934,82,8
934,83,5
934,84,2
935,2003,2
935,81,11
935,82,8
935,83,5
935,84,2
936,5001,2
936,81,11
936,82,8
936,83,5
936,84,2
937,7000,2
937,81,11
937,82,8
937,83,5
937,84,2
938,4300,1
938,81,11
938,82,8
938,83,5
938,84,2
939,3002,1
939,81,11
939,82,8
939,83,5
939,84,2
940,7000,2
940,81,11
940,82,8
940,83,5
940,84,2
941,5005,1
941,81,11
941,82,8
941,83,5
941,84,2
942,4500,1
942,81,11
942,82,8
942,83,5
942,84,2
943,7000,2
943,81,11
943,82,8
943,83,5
943,84,2
944,4300,1
944,81,11
944,82,8
944,83,5
944,84,2
945,6000,1
945,81,11
945,82,8
945,83,5
945,84,2
946,3870,1
946,81,12
946,82,9
946,83,6
946,84,3
947,5001,2
947,81,12
947,82,9
947,83,6
947,84,3
948,4300,1
948,81,12
948,82,9
948,83,6
948,84,3
949,7000,2
949,81,12
949,82,9
949,83,6
949,84,3
950,7000,2
950,81,12
950,82,9
950,83,6
950,84,3
951,3002,1
951,81,12
951,82,9
951,83,6
951,84,3
952,4500,1
952,81,12
952,82,9
952,83,6
952,84,3
953,5003,1
953,81,12
953,82,9
953,83,6
953,84,3
954,5005,1
954,81,12
954,82,9
954,83,6
954,84,3
955,3002,1
955,81,12
955,82,9
955,83,6
955,84,3
956,7000,2
956,81,12
956,82,9
956,83,6
956,84,3
957,4300,1
957,81,12
957,82,9
957,83,6
957,84,3
958,3870,1
958,81,12
958,82,9
958,83,6
958,84,3
959,2003,2
959,81,12
959,82,9
959,83,6
959,84,3
960,5001,2
960,81,12
960,82,9
960,83,6
960,84,3
961,3002,1
961,81,12
961,82,9
961,83,6
961,84,3
962,5001,2
962,81,12
962,82,9
962,83,6
962,84,3
963,5001,2
963,81,12
963,82,9
963,83,6
963,84,3
964,4500,1
964,81,13
964,82,15
964,83,17
964,84,19
965,3870,1
965,81,13
965,82,15
965,83,17
965,84,19
966,5002,1
966,81,13
966,82,15
966,83,17
966,84,19
967,4300,1
967,81,13
967,82,15
967,83,17
967,84,19
968,5001,2
968,81,13
968,82,15
968,83,17
968,84,19
969,3870,1
969,81,13
969,82,15
969,83,17
969,84,19
970,3002,1
970,81,15
970,82,17
970,83,19
971,7000,2
971,81,13
971,82,15
971,83,17
971,84,19
972,3002,1
972,81,15
972,82,17
972,83,19
973,5002,1
973,81,13
973,82,15
973,83,17
973,84,19
974,3870,1
974,81,13
974,82,15
974,83,17
974,84,19
975,3002,1
975,81,15
975,82,17
975,83,19
976,4500,1
976,81,13
976,82,15
976,83,17
976,84,19
977,4300,1
977,81,13
977,82,15
977,83,17
977,84,19
978,5001,2
978,81,13
978,82,15
978,83,17
978,84,19
979,5001,2
979,81,13
979,82,15
979,83,17
979,84,19
980,7000,2
980,81,13
980,82,15
980,83,17
980,84,19
981,3002,1
981,81,15
981,82,17
981,83,19
982,3870,1
982,81,13
982,82,15
982,83,17
982,84,19
983,7000,2
983,81,13
983,82,15
983,83,17
983,84,19
984,4500,1
984,81,13
984,82,15
984,83,17
984,84,19
985,4500,1
985,81,13
985,82,15
985,83,17
985,84,19
986,4300,1
986,81,14
986,82,16
986,83,18
986,84,20
987,4300,1
987,81,14
987,82,16
987,83,18
987,84,20
988,7000,2
988,81,14
988,82,16
988,83,18
988,84,20
989,5005,1
989,81,14
989,82,16
989,83,18
989,84,20
990,7000,2
990,81,14
990,82,16
990,83,18
990,84,20
991,5003,1
991,81,14
991,82,16
991,83,18
991,84,20
992,5002,1
992,81,14
992,82,16
992,83,18
992,84,20
993,5003,2
993,81,14
993,82,16
993,83,18
993,84,20
994,7000,2
994,81,14
994,82,16
994,83,18
994,84,20
995,6000,1
995,81,14
995,82,16
995,83,18
995,84,20
996,3002,1
996,81,15
996,82,17
996,83,19
997,3002,1
997,81,15
997,82,17
997,83,19
998,5005,1
998,81,14
998,82,16
998,83,18
998,84,20
999,3002,1
999,81,15
999,82,17
999,83,19
1000,3002,1
1000,81,15
1000,82,17
1000,83,19
1001,3002,1
1001,81,15
1001,82,17
1001,83,19
1002,4500,1
1002,81,14
1002,82,16
1002,83,18
1002,84,20
1003,5002,2
1003,81,14
1003,82,16
1003,83,18
1003,84,20
1004,2003,2
1004,81,14
1004,82,19
1005,5001,2
1005,81,14
1005,82,16
1005,83,18
1005,84,20
1006,4300,1
1006,81,14
1006,82,16
1006,83,18
1006,84,20
1007,4300,1
1007,81,14
1007,82,16
1007,83,18
1007,84,20
1008,3002,1
1008,81,15
1008,82,17
1008,83,19
1009,5003,2
1009,81,14
1009,82,16
1009,83,18
1009,84,20
1010,4500,1
1010,81,15
1010,82,13
1010,83,18
1010,84,20
1011,3870,1
1011,81,15
1011,82,13
1011,83,19
1011,84,17
1012,4500,1
1012,81,15
1012,82,13
1012,83,19
1012,84,17
1013,4500,1
1013,81,15
1013,82,13
1013,83,19
1013,84,17
1014,5002,2
1014,81,15
1014,82,13
1014,83,19
1014,84,17
1015,4500,1
1015,81,15
1015,82,13
1015,83,19
1015,84,17
1016,3002,1
1016,81,15
1016,82,17
1016,83,19
1017,4300,1
1017,81,15
1017,82,13
1017,83,19
1017,84,17
1018,5002,2
1018,81,16
1018,82,13
1018,83,19
1018,84,17
1019,7000,2
1019,81,16
1019,82,13
1019,83,20
1019,84,17
1020,5002,2
1020,81,16
1020,82,13
1020,83,20
1020,84,17
1021,3870,1
1021,81,16
1021,82,13
1021,83,20
1021,84,17
1022,5002,2
1022,81,16
1022,82,13
1022,83,20
1022,84,17
1023,3870,1
1023,81,16
1023,82,13
1023,83,20
1023,84,17
1024,5001,2
1024,81,16
1024,82,13
1024,83,20
1024,84,17
1025,4500,1
1025,81,16
1025,82,13
1025,83,20
1025,84,17
1026,4300,1
1026,81,16
1026,82,13
1026,83,20
1026,84,17
1027,7000,2
1027,81,16
1027,82,13
1027,83,20
1027,84,17
1028,4500,1
1028,81,16
1028,82,13
1028,83,20
1028,84,17
1029,4500,1
1029,81,16
1029,82,14
1029,83,20
1029,84,17
1030,5002,2
1030,81,16
1030,82,14
1030,83,20
1030,84,18
1031,3870,1
1031,81,16
1031,82,14
1031,83,20
1031,84,18
1032,5005,1
1032,81,16
1032,82,14
1032,83,20
1032,84,18
1033,4300,1
1033,81,16
1033,82,14
1033,83,20
1033,84,18
1034,3002,2
1034,81,16
1034,82,17
1034,83,20
1035,4500,1
1035,81,16
1035,82,14
1035,83,20
1035,84,18
1036,7000,2
1036,81,17
1036,82,14
1036,83,15
1037,3870,1
1037,81,17
1037,82,14
1037,83,15
1038,5002,2
1038,81,17
1038,82,14
1038,83,15
1039,4500,1
1039,81,17
1039,82,14
1039,83,15
1040,3870,2
1040,81,17
1040,82,14
1040,83,15
1041,4300,1
1041,81,17
1041,82,14
1041,83,15
1042,7000,2
1042,81,17
1042,82,14
1042,83,15
1043,6000,1
1043,81,17
1043,82,14
1043,83,15
1044,2003,2
1044,81,19
1044,82,14
1045,4300,1
1045,81,17
1045,82,14
1045,83,15
1046,3002,2
1046,81,17
1046,82,16
1046,83,20
1047,4300,1
1047,81,17
1047,82,14
1047,83,15
1048,7000,2
1048,81,17
1048,82,14
1048,83,15
1049,7000,2
1049,81,17
1049,82,19
1049,83,13
1049,84,15
1050,7000,2
1050,81,17
1050,82,19
1050,83,13
1050,84,15
1051,7000,2
1051,81,17
1051,82,19
1051,83,13
1051,84,15
1052,4300,1
1052,81,17
1052,82,19
1052,83,13
1052,84,15
1053,5002,2
1053,81,17
1053,82,19
1053,83,13
1053,84,15
1054,7000,2
1054,81,17
1054,82,19
1054,83,13
1054,84,15
1055,7000,2
1055,81,18
1055,82,19
1055,83,13
1055,84,15
1056,7000,2
1056,81,18
1056,82,19
1056,83,13
1056,84,15
1057,7000,2
1057,81,18
1057,82,19
1057,83,13
1057,84,15
1058,7000,2
1058,81,18
1058,82,19
1058,83,13
1058,84,15
1059,7000,2
1059,81,18
1059,82,19
1059,83,13
1059,84,15
1060,7000,3
1060,81,18
1060,82,19
1060,83,13
1060,84,15
1061,5005,1
1061,81,18
1061,82,19
1061,83,13
1061,84,15
1062,4300,1
1062,81,18
1062,82,19
1062,83,13
1062,84,15
1063,4300,1
1063,81,18
1063,82,19
1063,83,13
1063,84,15
1064,4300,1
1064,81,18
1064,82,19
1064,83,13
1064,84,15
1065,5003,2
1065,81,18
1065,82,19
1065,83,13
1065,84,15
1066,7000,3
1066,81,18
1066,82,20
1066,83,13
1066,84,15
1067,7000,3
1067,81,18
1067,82,20
1067,83,14
1067,84,16
1068,2003,2
1068,81,19
1068,83,14
1069,2003,2
1069,81,19
1069,83,14
1070,6000,1
1070,81,18
1070,82,20
1070,83,14
1070,84,16
1071,7000,3
1071,81,18
1071,82,20
1071,83,14
1071,84,16
1072,5002,2
1072,81,18
1072,82,20
1072,83,14
1072,84,16
1073,7000,3
1073,81,18
1073,82,20
1073,83,14
1073,84,16
1074,3002,2
1074,81,18
1074,82,20
1074,83,15
1075,5005,1
1075,81,19
1075,82,17
1075,83,14
1075,84,16
1076,4500,1
1076,81,19
1076,82,17
1076,83,14
1076,84,16
1077,4300,1
1077,81,19
1077,82,17
1077,83,14
1077,84,16
1078,7000,3
1078,81,19
1078,82,17
1078,83,14
1078,84,16
1079,7000,3
1079,81,19
1079,82,17
1079,83,14
1079,84,16
1080,4300,1
1080,81,19
1080,82,17
1080,83,14
1080,84,16
1081,7000,3
1081,81,19
1081,82,18
1081,83,14
1081,84,16
1082,5002,2
1082,81,19
1082,82,18
1082,83,14
1082,84,16
1083,4300,1
1083,81,19
1083,82,18
1083,83,14
1083,84,16
1084,4300,1
1084,81,19
1084,82,18
1084,83,14
1084,84,16
1085,6000,1
1085,81,19
1085,82,18
1085,83,14
1085,84,16
1086,6000,1
1086,81,19
1086,82,18
1086,83,15
1086,84,13
1087,4300,1
1087,81,19
1087,82,18
1087,83,15
1087,84,13
1088,4300,1
1088,81,19
1088,82,18
1088,83,15
1088,84,13
1089,5005,1
1089,81,19
1089,82,18
1089,83,15
1089,84,13
1090,4300,1
1090,81,20
1090,82,18
1090,83,15
1090,84,13
1091,4300,1
1091,81,20
1091,82,18
1091,83,15
1091,84,13
1092,4300,1
1092,81,20
1092,82,18
1092,83,16
1092,84,13
1093,5005,1
1093,81,20
1093,82,18
1093,83,16
1093,84,13
1094,6000,1
1094,81,20
1094,82,18
1094,83,16
1094,84,13
1095,4300,1
1095,81,20
1095,82,18
1095,83,16
1095,84,13
1096,3002,2
1096,81,20
1096,82,18
1096,83,16
1097,5002,2
1097,81,20
1097,82,18
1097,83,16
1097,84,13
1098,2003,2
1098,81,20
1098,84,13
1099,2003,2
1099,81,20
1099,84,13
1100,5003,2
1100,81,20
1100,82,18
1100,83,16
1100,84,13
1101,5003,2
1101,81,20
1101,83,16
1101,84,13
1102,5003,2
1102,81,20
1102,83,16
1102,84,13
1103,4300,1
1103,81,20
1103,83,16
1103,84,13
1104,5002,2
1104,81,20
1104,83,16
1104,84,13
1105,7000,3
1105,81,20
1105,83,16
1105,84,14
1106,5003,2
1106,81,20
1106,83,16
1106,84,14
1107,3870,2
1107,81,20
1107,83,16
1107,84,14
1108,7000,3
1108,82,20
1108,83,16
1108,84,14
1109,5003,2
1109,82,20
1109,83,16
1109,84,14
1110,7000,3
1110,82,20
1110,83,16
1110,84,14
1111,5003,2
1111,82,20
1111,83,16
1111,84,14
1112,6000,1
1112,82,20
1112,84,14
1113,7000,3
1113,82,20
1113,84,14
1114,7000,3
1114,82,20
1114,84,14
1115,7000,3
1115,82,20
1115,84,14
1116,5003,2
1116,82,20
1116,84,14
1117,3002,2
1117,82,20
1117,84,16
1118,4500,1
1118,82,20
1118,84,14
1119,5003,2
1119,84,14
1120,6000,1
1120,84,14
1121,5005,1
1121,84,14
1122,4500,1
1122,84,14
1123,4300,1
1123,84,14
1124,2003,3
1125,3002,2
1125,84,16
1126,6000,1
1126,84,18
1127,4500,1
1127,84,18
1128,5002,2
1128,84,18
1129,3002,2
1129,84,18
1130,3002,2
1130,84,18
1131,5002,2
1131,84,18
1132,3002,2
1132,84,18
1133,4500,1
1133,84,18
1134,5005,1
1134,84,18
1135,4500,1
1135,84,18
1136,4500,1
1136,84,18
1137,4500,1
1137,84,18
1138,3002,2
1138,84,18
1139,6000,1
1140,4500,1
